rank,term,p_value,z_score,combined_score,overlap_genes,adjusted_p_value,old_p_value,old_adjusted_p_value,neg_log10_adj_p,overlap_count
1,Mitotic G1 Phase And G1/S Transition R-HSA-453279,2.90759813834101e-09,27.14765330592669,533.6126032194313,"['CCNA2', 'CDKN1A', 'PCNA', 'CCND1', 'SRC', 'POLE2', 'MYC', 'E2F2']",1.145824459748525e-06,0,0,5.940881911166149,8
2,"Cell Cycle, Mitotic R-HSA-69278",4.432589786261218e-09,12.01297764960346,231.06099763190963,"['CDC20', 'CCNA2', 'CDKN1A', 'PCNA', 'CCND1', 'SRC', 'POLE2', 'MYC', 'PLK1', 'E2F2', 'KIF20A', 'CDC25B']",1.145824459748525e-06,0,0,5.940881911166149,12
3,Signal Transduction R-HSA-162582,2.522941936615664e-08,5.630577159230454,98.50838369445395,"['EGR1', 'USP7', 'CDKN1A', 'SRC', 'SERPINE1', 'PLK1', 'KIF14', 'IKZF1', 'CXCL2', 'DUSP6', 'CDC20', 'NFKBIA', 'FOSL1', 'DNAJB1', 'RRAGA', 'CCND1', 'CASP10', 'ID2', 'MYC', 'NRIP1', 'GNAS', 'IER3']",4.347869937434328e-06,0,0,5.361723455914957,22
4,Cell Cycle R-HSA-1640170,5.2568880454150546e-08,9.497294638465322,159.1854994794396,"['CDC20', 'CCNA2', 'CDKN1A', 'PCNA', 'CCND1', 'SRC', 'POLE2', 'MYC', 'PLK1', 'E2F2', 'KIF20A', 'CDC25B']",6.794527798698958e-06,0,0,5.167840720174354,12
5,S Phase R-HSA-69242,1.4352589658852437e-07,20.92600422832981,329.72582453247594,"['CCNA2', 'CDKN1A', 'PCNA', 'CCND1', 'POLE2', 'MYC', 'CDC25B']",1.3263026982803065e-05,0,0,4.877357346828466,7
6,Cellular Responses To Stress R-HSA-2262752,1.5392294370757908e-07,8.557449962935507,134.2391235320813,"['CCNA2', 'HSPA8', 'DNAJB1', 'RRAGA', 'CDKN1A', 'MYC', 'NRIP1', 'E2F2', 'HMOX1', 'CHAC1', 'TLR4', 'HSPA1A']",1.3263026982803065e-05,0,0,4.877357346828466,12
7,Cellular Responses To Stimuli R-HSA-8953897,1.8932299471322446e-07,8.385867984879326,129.81165410813506,"['CCNA2', 'HSPA8', 'DNAJB1', 'RRAGA', 'CDKN1A', 'MYC', 'NRIP1', 'E2F2', 'HMOX1', 'CHAC1', 'TLR4', 'HSPA1A']",1.3982855466676722e-05,0,0,4.854404131395107,12
8,Interleukin-4 And Interleukin-13 Signaling R-HSA-6785807,2.671511845408456e-07,26.798829882988297,405.6123793534149,"['HSPA8', 'CDKN1A', 'CCND1', 'MMP1', 'MYC', 'HMOX1']",1.7264645300952145e-05,0,0,4.762842339725277,6
9,Immune System R-HSA-168256,4.732613112373795e-07,5.267045454545454,76.70723875738415,"['HSPA8', 'EGR1', 'CD40', 'CDKN1A', 'MMP1', 'SRC', 'CXCL2', 'DUSP6', 'CDC20', 'NFKBIA', 'CCND1', 'CASP10', 'MYC', 'HMOX1', 'ALDOC', 'KIF20A', 'TLR4', 'HSPA1A']",2.7186233101080576e-05,0,0,4.56565096367939,18
10,G1/S Transition R-HSA-69206,8.066285288489252e-07,21.981152993348115,308.4044257982293,"['CCNA2', 'CDKN1A', 'PCNA', 'CCND1', 'POLE2', 'MYC']",4.170269494148943e-05,0,0,4.379835878829601,6
11,Cytokine Signaling In Immune System R-HSA-1280215,9.87018939562275e-07,7.861108018850421,108.70793446776212,"['NFKBIA', 'HSPA8', 'EGR1', 'CD40', 'CDKN1A', 'CCND1', 'MMP1', 'MYC', 'HMOX1', 'CXCL2', 'DUSP6']",4.638989015942693e-05,0,0,4.333576655789308,11
12,Signaling By Interleukins R-HSA-449147,1.592977692334515e-06,9.643704680290046,128.74254644775382,"['NFKBIA', 'HSPA8', 'CDKN1A', 'CCND1', 'MMP1', 'MYC', 'HMOX1', 'CXCL2', 'DUSP6']",6.863078891141203e-05,0,0,4.163481008862443,9
13,Cyclin A:Cdk2-associated Events At S Phase Entry R-HSA-69656,2.1158346705366397e-06,27.947960618846693,365.16976330312895,"['CCNA2', 'CDKN1A', 'CCND1', 'MYC', 'CDC25B']",8.414511728211097e-05,0,0,4.07497107991346,5
14,Cyclin D Associated Events In G1 R-HSA-69231,5.694037319250313e-06,40.25682507583418,486.145083590463,"['CDKN1A', 'CCND1', 'SRC', 'E2F2']",0.00021027266386088657,0,0,3.677217183357594,4
15,Signaling By NTRK1 (TRKA) R-HSA-187037,9.511079145326681e-06,20.22528032619776,233.86599266061717,"['FOSL1', 'EGR1', 'SRC', 'ID2', 'DUSP6']",0.0003151463483906123,0,0,3.501487720691293,5
16,Aberrant Regulation Of Mitotic G1/S Transition In Cancer Due To RB1 Defects R-HSA-9659787,9.753078480173687e-06,90.8936170212766,1048.7239707879182,"['CDKN1A', 'CCND1', 'E2F2']",0.0003151463483906123,0,0,3.501487720691293,3
17,Nuclear Events (Kinase And Transcription Factor Activation) R-HSA-198725,1.6236244442281695e-05,30.347826086956523,334.68385319402523,"['FOSL1', 'EGR1', 'ID2', 'DUSP6']",0.0004937728456858609,0,0,3.306472797136069,4
18,Signaling By NTRKs R-HSA-166520,1.9375417988437645e-05,17.342957130358705,188.19719311439974,"['FOSL1', 'EGR1', 'SRC', 'ID2', 'DUSP6']",0.0005565050611123479,0,0,3.2545308816380416,5
19,Transcriptional Regulation By TP53 R-HSA-3700989,2.6626351706250253e-05,9.196501574961463,96.87235329354836,"['CCNA2', 'USP7', 'RRAGA', 'CDKN1A', 'PCNA', 'CASP10', 'DDIT4']",0.0007245170437963884,0,0,3.139951393574922,7
20,Cyclin A/B1/B2 Associated Events During G2/M Transition R-HSA-69273,3.252704029670916e-05,57.81818181818182,597.4606436592223,"['CCNA2', 'PLK1', 'CDC25B']",0.0008408239916699319,0,0,3.075294904851829,3
21,Attenuation Phase R-HSA-3371568,3.6705035971544355e-05,55.30157261794635,564.7726520715403,"['DNAJB1', 'HSPA8', 'HSPA1A']",0.0009036430284423063,0,0,3.0440030976164985,3
22,G0 And Early G1 R-HSA-1538133,4.122055222407173e-05,52.994680851063826,535.0646948580581,"['CCNA2', 'PCNA', 'MYC']",0.0009686829772656856,0,0,3.0138183320836953,3
23,Cyclin E Associated Events During G1/S Transition R-HSA-69202,5.235844070654411e-05,22.153846153846153,218.37926542392495,"['CCNA2', 'CDKN1A', 'CCND1', 'MYC']",0.001142804592910754,0,0,2.942028022864209,4
24,PIP3 Activates AKT Signaling R-HSA-1257604,5.3050890193149116e-05,10.2470506592644,100.8746197821549,"['EGR1', 'USP7', 'RRAGA', 'CDKN1A', 'SRC', 'IER3']",0.001142804592910754,0,0,2.942028022864209,6
25,TFAP2 (AP-2) Family Regulates Transcription Of Cell Cycle Factors R-HSA-8866911,6.0956786529959696e-05,277.0416666666667,2688.78505476905,"['CDKN1A', 'MYC']",0.0012605863454395664,0,0,2.8994274014245605,2
26,Phosphorylation Of Emi1 R-HSA-176417,9.128927051395767e-05,207.77083333333334,1932.5756890799973,"['CDC20', 'PLK1']",0.0017656361830659792,0,0,2.753098779787001,2
27,Transcriptional Regulation By RUNX3 R-HSA-8878159,9.305240181747403e-05,18.976588628762542,176.14729500931637,"['CDKN1A', 'CCND1', 'SRC', 'MYC']",0.0017656361830659792,0,0,2.753098779787001,4
28,Aberrant Regulation Of Mitotic Cell Cycle Due To RB1 Defects R-HSA-9687139,9.903955378900077e-05,38.524177949709866,355.1925837792589,"['CDKN1A', 'CCND1', 'E2F2']",0.0017656361830659792,0,0,2.753098779787001,3
29,HSF1-dependent Transactivation R-HSA-3371571,9.903955378900077e-05,38.524177949709866,355.1925837792589,"['DNAJB1', 'HSPA8', 'HSPA1A']",0.0017656361830659792,0,0,2.753098779787001,3
30,Intracellular Signaling By Second Messengers R-HSA-9006925,0.00011017945243003162,8.931818181818182,81.39923303030542,"['EGR1', 'USP7', 'RRAGA', 'CDKN1A', 'SRC', 'IER3']",0.0018839084110342835,0,0,2.724940214892025,6
31,Diseases Of Mitotic Cell Cycle R-HSA-9675126,0.00011660554961914327,36.319148936170215,328.93213337279053,"['CDKN1A', 'CCND1', 'E2F2']",0.0018839084110342835,0,0,2.724940214892025,3
32,HSP90 Chaperone Cycle For Steroid Hormone Receptors (SHR) In Presence Of Ligand R-HSA-3371497,0.00011660554961914327,36.319148936170215,328.93213337279053,"['DNAJB1', 'HSPA8', 'HSPA1A']",0.0018839084110342835,0,0,2.724940214892025,3
33,NGF-stimulated Transcription R-HSA-9031628,0.00012610069935787855,35.308510638297875,317.0149830122188,"['FOSL1', 'EGR1', 'ID2']",0.0019755776232734303,0,0,2.704305901595278,3
34,Generic Transcription Pathway R-HSA-212436,0.00013768073798541447,4.4905721928622695,39.92376009864443,"['CCNA2', 'USP7', 'RRAGA', 'CDKN1A', 'PCNA', 'CCND1', 'CASP10', 'SRC', 'MYC', 'SERPINE1', 'DDIT4']",0.0020935571040723317,0,0,2.6791151887515987,11
35,Ub-specific Processing Proteases R-HSA-5689880,0.00014313556835946712,11.198412698412698,99.12519513215402,"['CDC20', 'NFKBIA', 'CCNA2', 'USP7', 'MYC']",0.0021143168240527,0,0,2.674829934423005,5
36,RUNX3 Regulates WNT Signaling R-HSA-8951430,0.00016986300982591541,138.5,1202.2517804391236,"['CCND1', 'MYC']",0.0024394215577777296,0,0,2.6127131425330656,2
37,Heme Signaling R-HSA-9707616,0.00019374001249454245,30.25531914893617,258.65252491347,"['NRIP1', 'HMOX1', 'TLR4']",0.002707123958369688,0,0,2.567491857564037,3
38,TP53 Regulates Transcription Of Cell Cycle Genes R-HSA-6791312,0.0002497855682645102,27.618871415356153,229.09599013803128,"['CCNA2', 'CDKN1A', 'PCNA']",0.0033983983892829413,0,0,2.468725710774361,3
39,RNA Polymerase II Transcription R-HSA-73857,0.0003224260667627453,4.043024103746625,32.50444495682895,"['CCNA2', 'USP7', 'RRAGA', 'CDKN1A', 'PCNA', 'CCND1', 'CASP10', 'SRC', 'MYC', 'SERPINE1', 'DDIT4']",0.004274212218367675,0,0,2.369143918536489,11
40,SCF(Skp2)-mediated Degradation Of P27/P21 R-HSA-187577,0.0004330691157728682,22.675531914893618,175.61322428345238,"['CCNA2', 'CDKN1A', 'CCND1']",0.005597418321364321,0,0,2.2520122350137064,3
41,Mitotic Telophase/Cytokinesis R-HSA-68884,0.00046942457388711873,75.52651515151516,578.8354329773197,"['PLK1', 'KIF20A']",0.005919329382918058,0,0,2.2277274929047026,2
42,TP53 Regulates Transcription Of Genes Involved In G1 Cell Cycle Arrest R-HSA-6804116,0.0005467878206419364,69.22916666666667,520.0114050756229,"['CCNA2', 'CDKN1A']",0.006614909825954136,0,0,2.1794760717119233,2
43,Gap-filling DNA Repair Synthesis And Ligation In TC-NER R-HSA-6782210,0.0005501762524487967,20.811649808161842,156.1970899166922,"['USP7', 'PCNA', 'POLE2']",0.006614909825954136,0,0,2.1794760717119233,3
44,Dual Incision In TC-NER R-HSA-6782135,0.0005757860530510604,20.474948524365132,152.73849688315843,"['USP7', 'PCNA', 'POLE2']",0.00676548612334996,0,0,2.169700992399195,3
45,Deubiquitination R-HSA-5688426,0.0006464509501967324,7.978913219789132,58.59724426627012,"['CDC20', 'NFKBIA', 'CCNA2', 'USP7', 'MYC']",0.0074270031389269036,0,0,2.129186392535413,5
46,Gene Expression (Transcription) R-HSA-74160,0.0007473971774542866,3.6309689383402874,26.13903246079034,"['CCNA2', 'USP7', 'RRAGA', 'CDKN1A', 'PCNA', 'CCND1', 'CASP10', 'SRC', 'MYC', 'SERPINE1', 'DDIT4']",0.008400094363997091,0,0,2.075715835184185,11
47,Regulation Of RUNX1 Expression And Activity R-HSA-8934593,0.0008132713373134499,55.375,393.96243373102385,"['CCND1', 'SRC']",0.00894598471044795,0,0,2.0483718484139497,2
48,Activation Of APC/C And APC/C:Cdc20 Mediated Degradation Of Mitotic Proteins R-HSA-176814,0.0009089746531003115,17.38006412124745,121.71594945135638,"['CDC20', 'CCNA2', 'PLK1']",0.009418213943820862,0,0,2.026031448362875,3
49,Protein Ubiquitination R-HSA-8852135,0.0009089746531003115,17.38006412124745,121.71594945135638,"['USP7', 'RRAGA', 'PCNA']",0.009418213943820862,0,0,2.026031448362875,3
50,Transcription-Coupled Nucleotide Excision Repair (TC-NER) R-HSA-6781827,0.0009441676964961806,17.14433582518689,119.41384383677425,"['USP7', 'PCNA', 'POLE2']",0.009418213943820862,0,0,2.026031448362875,3
51,Innate Immune System R-HSA-168249,0.0009465662192554814,4.048780487804878,28.19032093096331,"['NFKBIA', 'HSPA8', 'CASP10', 'SRC', 'HMOX1', 'ALDOC', 'TLR4', 'DUSP6', 'HSPA1A']",0.009418213943820862,0,0,2.026031448362875,9
52,Disease R-HSA-1643685,0.000947286508856257,3.3385028697032606,23.242353064489976,"['NFKBIA', 'CDKN1A', 'CCND1', 'SRC', 'MYC', 'GNAS', 'E2F2', 'HMOX1', 'TLR4', 'DUSP6', 'CDC25B', 'HSPA1A']",0.009418213943820862,0,0,2.026031448362875,12
53,Transcription Of E2F Targets Under Negative Control By DREAM Complex R-HSA-1362277,0.0010193089566942573,48.85539215686274,336.54673838088314,"['PCNA', 'MYC']",0.00994307038888549,0,0,2.0024794861211945,2
54,Regulation Of APC/C Activators Between G1/S And Early Anaphase R-HSA-176408,0.0010548985204026512,16.473887814313347,112.91714561298859,"['CDC20', 'CCNA2', 'PLK1']",0.010099676574966123,0,0,1.9956925335397853,3
55,Regulation Of HSF1-mediated Heat Shock Response R-HSA-3371453,0.0010935526678219588,16.261865793780686,110.87866258284605,"['HSPA8', 'DNAJB1', 'HSPA1A']",0.010175324781819187,0,0,1.9924517198225655,3
56,G2/M Transition R-HSA-69275,0.0011021628390365077,9.659013190034196,65.78252399693514,"['CCNA2', 'CDKN1A', 'PLK1', 'CDC25B']",0.010175324781819187,0,0,1.9924517198225655,4
57,Mitotic G2-G2/M Phases R-HSA-453274,0.0011476261530324924,9.55072463768116,64.6589758300864,"['CCNA2', 'CDKN1A', 'PLK1', 'CDC25B']",0.01040917054592629,0,0,1.9825838758380872,4
58,ESR-mediated Signaling R-HSA-8939211,0.0012424779544873586,9.341209829867674,62.49874259702174,"['CCND1', 'SRC', 'MYC', 'NRIP1']",0.010934051140664454,0,0,1.9612188991607198,4
59,PCNA-Dependent Long Patch Base Excision Repair R-HSA-5651801,0.0012477930702112238,43.708333333333336,292.25047477799524,"['PCNA', 'POLE2']",0.010934051140664454,0,0,1.9612188991607198,2
60,APC/C-mediated Degradation Of Cell Cycle Proteins R-HSA-174143,0.001344333954493143,15.095744680851064,99.8108989445326,"['CDC20', 'CCNA2', 'PLK1']",0.011583677574549249,0,0,1.9361535393326037,3
61,Signaling By Receptor Tyrosine Kinases R-HSA-9006934,0.001422647284845001,5.415584415584416,35.50043315246668,"['FOSL1', 'EGR1', 'SRC', 'ID2', 'MYC', 'DUSP6']",0.012057518791227304,0,0,1.9187420525725765,6
62,Resolution Of AP Sites Via Multiple-Nucleotide Patch Replacement Pathway R-HSA-110373,0.0017712212130127313,36.09963768115942,228.73040961874747,"['PCNA', 'POLE2']",0.014535259795675905,0,0,1.8375772014704266,2
63,Gap-filling DNA Repair Synthesis And Ligation In GG-NER R-HSA-5696397,0.0017712212130127313,36.09963768115942,228.73040961874747,"['PCNA', 'POLE2']",0.014535259795675905,0,0,1.8375772014704266,2
64,Signaling By ALK R-HSA-201556,0.0019157650058532817,34.59375,216.47517339281177,"['SRC', 'MYC']",0.015475789187908541,0,0,1.8103471948949394,2
65,Cellular Response To Heat Stress R-HSA-3371556,0.0019479426217578455,13.200797872340425,82.3859356912581,"['HSPA8', 'DNAJB1', 'HSPA1A']",0.015493635929981634,0,0,1.809846653316866,3
66,TRAF6 Mediated Induction Of NFkB And MAP Kinases Upon TLR7/8 Or 9 Activation R-HSA-975138,0.002062430760327193,12.930091185410335,79.95800312185176,"['NFKBIA', 'TLR4', 'DUSP6']",0.016155707622563013,0,0,1.7916740150623673,3
67,MyD88 Dependent Cascade Initiated On Endosome R-HSA-975155,0.002121212982648662,12.798839458413926,78.78667603753651,"['NFKBIA', 'TLR4', 'DUSP6']",0.016368165851184453,0,0,1.7859999831010434,3
68,Toll Like Receptor 7/8 (TLR7/8) Cascade R-HSA-168181,0.002181029234164079,12.670212765957446,77.64253659479164,"['NFKBIA', 'TLR4', 'DUSP6']",0.016582236971512187,0,0,1.7803568827813914,3
69,Toll Like Receptor 9 (TLR9) Cascade R-HSA-168138,0.0023667454978385074,12.299318322660607,74.36462396066707,"['NFKBIA', 'TLR4', 'DUSP6']",0.017591384361651464,0,0,1.7546999822043403,3
70,HSF1 Activation R-HSA-3371511,0.0023818121959682833,30.74537037037037,185.6987673947897,"['DNAJB1', 'HSPA1A']",0.017591384361651464,0,0,1.7546999822043403,2
71,MyD88-independent TLR4 Cascade R-HSA-166166,0.0024307608837506214,12.180441898527006,73.32079059873531,"['NFKBIA', 'TLR4', 'DUSP6']",0.01770004756195875,0,0,1.752025566639974,3
72,Nucleotide Excision Repair R-HSA-5696398,0.0024958414919694924,12.063829787234043,72.30009219407567,"['USP7', 'PCNA', 'POLE2']",0.017921528490947605,0,0,1.7466249529955649,3
73,Recognition Of DNA Damage By PCNA-containing Replication Complex R-HSA-110314,0.002547877166796628,29.645833333333332,177.0595839464994,"['PCNA', 'POLE2']",0.018044554729230916,0,0,1.7436538302031923,2
74,Diseases Associated With TLR Signaling Cascade R-HSA-5602358,0.0027192556482504363,28.62212643678161,169.08226656127547,"['NFKBIA', 'TLR4']",0.018998042839803723,0,0,1.7212911373447606,2
75,MyD88:MAL(TIRAP) Cascade Initiated On Plasma Membrane R-HSA-166058,0.002766936229061339,11.618778059730626,68.43477270112554,"['NFKBIA', 'TLR4', 'DUSP6']",0.019073413738996164,0,0,1.7195715704397538,3
76,Termination Of Translesion DNA Synthesis R-HSA-5656169,0.0028959211173454295,27.666666666666668,161.69650653172428,"['PCNA', 'POLE2']",0.019281643005024385,0,0,1.7148559622581905,2
77,HDR Thru Homologous Recombination (HRR) Or Single Strand Annealing (SSA) R-HSA-5693567,0.002909029312170023,11.408280621046579,66.623626679358,"['CCNA2', 'PCNA', 'POLE2']",0.019281643005024385,0,0,1.7148559622581905,3
78,Macroautophagy R-HSA-1632852,0.002909029312170023,11.408280621046579,66.623626679358,"['HSPA8', 'RRAGA', 'SRC']",0.019281643005024385,0,0,1.7148559622581905,3
79,RHO GTPases Activate Formins R-HSA-5663220,0.0032837193495461473,10.913793103448276,62.413565909911824,"['CDC20', 'SRC', 'PLK1']",0.020454010888136847,0,0,1.6892215172025384,3
80,Estrogen-dependent Gene Expression R-HSA-9018519,0.0032837193495461473,10.913793103448276,62.413565909911824,"['CCND1', 'MYC', 'NRIP1']",0.020454010888136847,0,0,1.6892215172025384,3
81,Synthesis Of DNA R-HSA-69239,0.0032837193495461473,10.913793103448276,62.413565909911824,"['CCNA2', 'PCNA', 'POLE2']",0.020454010888136847,0,0,1.6892215172025384,3
82,Transcriptional Regulation By RUNX2 R-HSA-8878166,0.0032837193495461473,10.913793103448276,62.413565909911824,"['CDKN1A', 'CCND1', 'SRC']",0.020454010888136847,0,0,1.6892215172025384,3
83,Homology Directed Repair R-HSA-5693538,0.0032837193495461473,10.913793103448276,62.413565909911824,"['CCNA2', 'PCNA', 'POLE2']",0.020454010888136847,0,0,1.6892215172025384,3
84,Regulation Of TP53 Degradation R-HSA-6804757,0.0036549257227984208,24.40686274509804,136.96349152286243,"['CCNA2', 'USP7']",0.021972053473102136,0,0,1.6581293527125334,2
85,SMAD2/SMAD3:SMAD4 Heterotrimer Regulates Transcription R-HSA-2173796,0.0036549257227984208,24.40686274509804,136.96349152286243,"['MYC', 'SERPINE1']",0.021972053473102136,0,0,1.6581293527125334,2
86,Transcriptional Regulation By AP-2 (TFAP2) Family Of Transcription Factors R-HSA-8864260,0.0036549257227984208,24.40686274509804,136.96349152286243,"['CDKN1A', 'MYC']",0.021972053473102136,0,0,1.6581293527125334,2
87,Regulation Of TP53 Expression And Degradation R-HSA-6806003,0.0038576315924392225,23.708333333333332,131.76384828572083,"['CCNA2', 'USP7']",0.022924086589552622,0,0,1.6397079597809487,2
88,Signaling By Nuclear Receptors R-HSA-9006931,0.004021064793963562,6.689538043478261,36.900886866053845,"['CCND1', 'SRC', 'MYC', 'NRIP1']",0.023353850996592783,0,0,1.6316414950263685,4
89,Autophagy R-HSA-9612973,0.00403002265896121,10.12340425531915,55.82028180525176,"['HSPA8', 'RRAGA', 'SRC']",0.023353850996592783,0,0,1.6316414950263685,3
90,Resolution Of Abasic Sites (AP Sites) R-HSA-73933,0.0040654672914765,23.04861111111111,126.88782669928547,"['PCNA', 'POLE2']",0.023353850996592783,0,0,1.6316414950263685,2
91,Translesion Synthesis By Y Family DNA Polymerases Bypasses Lesions On DNA Template R-HSA-110313,0.0042784069542198405,22.42454954954955,122.3074073504305,"['PCNA', 'POLE2']",0.02430699335529294,0,0,1.6142687577325718,2
92,RHO GTPase Effectors R-HSA-195258,0.004535991316344287,6.459392945036916,34.85302161654024,"['CDC20', 'SRC', 'PLK1', 'KIF14']",0.025490299027717354,0,0,1.5936250697749126,4
93,Cell Cycle Checkpoints R-HSA-69620,0.0046561817187236185,6.410356619443087,34.4207915431631,"['CDC20', 'CCNA2', 'CDKN1A', 'PLK1']",0.025884365038495817,0,0,1.5869624840976073,4
94,Dual Incision In GG-NER R-HSA-5696400,0.004719495169738577,21.272435897435898,113.93630347986566,"['PCNA', 'POLE2']",0.025957223433562174,0,0,1.5857417645670935,2
95,PTEN Regulation R-HSA-6807070,0.005072238171854362,9.299436795994994,49.137973919606814,"['EGR1', 'USP7', 'RRAGA']",0.027603654051039,0,0,1.5590334241245472,3
96,Toll Like Receptor 4 (TLR4) Cascade R-HSA-166016,0.005174274872555036,9.231091784438577,48.59298474885369,"['NFKBIA', 'TLR4', 'DUSP6']",0.027612549805811067,0,0,1.5588934877662521,3
97,GPER1 Signaling R-HSA-9634597,0.005180691162792406,20.232723577235774,106.48111760263689,"['SRC', 'GNAS']",0.027612549805811067,0,0,1.5588934877662521,2
98,DNA Double-Strand Break Repair R-HSA-5693532,0.006148616172386748,8.658117167006704,44.08304801864367,"['CCNA2', 'PCNA', 'POLE2']",0.03243708735840764,0,0,1.4889581495583397,3
99,DNA Damage Bypass R-HSA-73893,0.0064203200925442745,18.028985507246375,91.01549863791358,"['PCNA', 'POLE2']",0.03352833826106454,0,0,1.4745879706372065,2
100,Post-translational Protein Modification R-HSA-597592,0.006703387979715114,2.9677281925657684,14.853901649695478,"['CDC20', 'NFKBIA', 'CCNA2', 'HSPA8', 'USP7', 'RRAGA', 'PCNA', 'MYC', 'NRIP1']",0.034656515855127135,0,0,1.4602151006224149,9
101,DNA Replication R-HSA-69306,0.00685512285061963,8.313829787234043,41.42581056937343,"['CCNA2', 'PCNA', 'POLE2']",0.03509008429475593,0,0,1.4548155885043608,3
102,Extension Of Telomeres R-HSA-180786,0.006950299465156898,17.276041666666668,85.84414194819459,"['CCNA2', 'PCNA']",0.03522847866162859,0,0,1.4531061113781083,2
103,Transcriptional Activity Of SMAD2/SMAD3:SMAD4 Heterotrimer R-HSA-2173793,0.00722250262714212,16.922619047619047,83.43788300609687,"['MYC', 'SERPINE1']",0.03625275590516967,0,0,1.4406589731229469,2
104,DNA Repair R-HSA-73894,0.007447180642930774,5.58226768968457,27.352663732653347,"['CCNA2', 'USP7', 'PCNA', 'POLE2']",0.03702108069610779,0,0,1.4315509077466528,4
105,Toll-like Receptor Cascades R-HSA-168898,0.0077381629124148674,7.945002007226013,38.62535000995355,"['NFKBIA', 'TLR4', 'DUSP6']",0.03810124024493797,0,0,1.4190608872439059,3
106,AUF1 (hnRNP D0) Binds And Destabilizes mRNA R-HSA-450408,0.008067670084263163,15.943910256410257,76.8479024006269,"['HSPA8', 'HSPA1A']",0.03894853833436788,0,0,1.4095088359433954,2
107,MAPK Family Signaling Cascades R-HSA-5683057,0.008131121359076598,5.437828856272501,26.167139347802365,"['DNAJB1', 'SRC', 'MYC', 'DUSP6']",0.03894853833436788,0,0,1.4095088359433954,4
108,Cellular Senescence R-HSA-2559583,0.008136251721686133,7.796690307328605,37.513195975155796,"['CCNA2', 'CDKN1A', 'E2F2']",0.03894853833436788,0,0,1.4095088359433954,3
109,Regulation Of Cholesterol Biosynthesis By SREBP (SREBF) R-HSA-1655829,0.008358830212753155,15.642295597484276,74.83957451132376,"['HMGCS1', 'INSIG1']",0.03964692862379248,0,0,1.401790451055183,2
110,SUMO E3 Ligases SUMOylate Target Proteins R-HSA-3108232,0.008546246482462378,7.653771760154739,36.4492748316928,"['NFKBIA', 'PCNA', 'NRIP1']",0.040167358467573175,0,0,1.396126727906809,3
111,E3 Ubiquitin Ligases Ubiquitinate Target Proteins R-HSA-8866654,0.008654668543521428,15.351851851851851,72.91602120992282,"['RRAGA', 'PCNA']",0.040310483216221424,0,0,1.394581995772012,2
112,SUMOylation R-HSA-2990846,0.009402262937609816,7.382978723404255,34.45492114000981,"['NFKBIA', 'PCNA', 'NRIP1']",0.043036814804746804,0,0,1.3661598786964797,3
113,Role Of GTSE1 In G2/M Progression After G2 Checkpoint R-HSA-8852276,0.009570010787955807,14.541666666666666,67.6059670933825,"['CDKN1A', 'PLK1']",0.043036814804746804,0,0,1.3661598786964797,2
114,Transcriptional Regulation Of Granulopoiesis R-HSA-9616222,0.009570010787955807,14.541666666666666,67.6059670933825,"['CDKN1A', 'MYC']",0.043036814804746804,0,0,1.3661598786964797,2
115,Adaptive Immune System R-HSA-1280218,0.009572985885001706,3.605664624234088,16.76205018537283,"['CDC20', 'NFKBIA', 'CD40', 'SRC', 'KIF20A', 'TLR4']",0.043036814804746804,0,0,1.3661598786964797,6
116,Regulation Of PTEN Gene Transcription R-HSA-8943724,0.010203187898195867,14.04731638418079,64.40771918587598,"['EGR1', 'RRAGA']",0.0447037978251463,0,0,1.3496555796769958,2
117,DNA Damage/Telomere Stress Induced Senescence R-HSA-2559586,0.010203187898195867,14.04731638418079,64.40771918587598,"['CCNA2', 'CDKN1A']",0.0447037978251463,0,0,1.3496555796769958,2
118,Selective Autophagy R-HSA-9663891,0.010203187898195867,14.04731638418079,64.40771918587598,"['HSPA8', 'SRC']",0.0447037978251463,0,0,1.3496555796769958,2
119,p53-Dependent G1 DNA Damage Response R-HSA-69563,0.011523761866123172,13.152777777777779,58.70537343689256,"['CCNA2', 'CDKN1A']",0.05006541919987966,0,0,1.300462143117254,2
120,G1/S DNA Damage Checkpoints R-HSA-69615,0.012210781302115073,12.746794871794872,56.15518906635068,"['CCNA2', 'CDKN1A']",0.05103847467193174,0,0,1.2921023133515857,2
121,HDR Thru Homologous Recombination (HRR) R-HSA-5685942,0.012210781302115073,12.746794871794872,56.15518906635068,"['PCNA', 'POLE2']",0.05103847467193174,0,0,1.2921023133515857,2
122,Regulation Of HMOX1 Expression And Activity R-HSA-9707587,0.012438777192772534,101.76530612244898,446.4379351400606,['HMOX1'],0.05103847467193174,0,0,1.2921023133515857,1
123,Drug-mediated Inhibition Of CDK4/CDK6 Activity R-HSA-9754119,0.012438777192772534,101.76530612244898,446.4379351400606,['CCND1'],0.05103847467193174,0,0,1.2921023133515857,1
124,FasL/ CD95L Signaling R-HSA-75157,0.012438777192772534,101.76530612244898,446.4379351400606,['CASP10'],0.05103847467193174,0,0,1.2921023133515857,1
125,G2 Phase R-HSA-68911,0.012438777192772534,101.76530612244898,446.4379351400606,['CCNA2'],0.05103847467193174,0,0,1.2921023133515857,1
126,NR1H2 And NR1H3 Regulate Gene Expression Linked To Gluconeogenesis R-HSA-9632974,0.012438777192772534,101.76530612244898,446.4379351400606,['NRIP1'],0.05103847467193174,0,0,1.2921023133515857,1
127,Circadian Clock R-HSA-400253,0.012915373039423325,12.365049751243781,53.77976800231812,"['SERPINE1', 'NRIP1']",0.05257675481403038,0,0,1.2792062232858277,2
128,Base Excision Repair R-HSA-73884,0.014004803729585262,11.833333333333334,50.50886613536219,"['PCNA', 'POLE2']",0.05546767050777237,0,0,1.255960072932483,2
129,Cdc20:Phospho-APC/C Mediated Degradation Of Cyclin A R-HSA-174184,0.014004803729585262,11.833333333333334,50.50886613536219,"['CDC20', 'CCNA2']",0.05546767050777237,0,0,1.255960072932483,2
130,Hemostasis R-HSA-109582,0.01420348256581721,3.770967114224557,16.042705075042885,"['MMP1', 'SRC', 'SERPINE1', 'GNAS', 'KIF20A']",0.05546767050777237,0,0,1.255960072932483,5
131,Signaling By NOTCH R-HSA-157118,0.014232378783234469,6.303191489361702,26.802655963713278,"['CCND1', 'MYC', 'IKZF1']",0.05546767050777237,0,0,1.255960072932483,3
132,APC/C:Cdh1 Mediated Degradation Of Cdc20 And APC/C:Cdh1 Targets In Late Mitosis/Early G1 R-HSA-174178,0.014376533555205991,11.666079812206572,49.48935398933624,"['CDC20', 'PLK1']",0.05546767050777237,0,0,1.255960072932483,2
133,APC:Cdc20 Mediated Degradation Of Cell Cycle Proteins Before Cycle Checkpoint Satisfied R-HSA-179419,0.014376533555205991,11.666079812206572,49.48935398933624,"['CDC20', 'CCNA2']",0.05546767050777237,0,0,1.255960072932483,2
134,Extra-nuclear Estrogen Signaling R-HSA-9009391,0.014376533555205991,11.666079812206572,49.48935398933624,"['CCND1', 'SRC']",0.05546767050777237,0,0,1.255960072932483,2
135,Activated NTRK2 Signals Thru FYN R-HSA-9032500,0.014908284799373634,81.40816326530613,342.3895623444841,['SRC'],0.05625973168814722,0,0,1.2498023433872232,1
136,Activated NTRK3 Signals Thru PI3K R-HSA-9603381,0.014908284799373634,81.40816326530613,342.3895623444841,['SRC'],0.05625973168814722,0,0,1.2498023433872232,1
137,PTK6 Regulates Cell Cycle R-HSA-8849470,0.014908284799373634,81.40816326530613,342.3895623444841,['CCND1'],0.05625973168814722,0,0,1.2498023433872232,1
138,APC/C:Cdc20 Mediated Degradation Of Mitotic Proteins R-HSA-176409,0.015132735762129949,11.345319634703197,47.54704276850611,"['CDC20', 'CCNA2']",0.05669293035522597,0,0,1.2464710945310986,2
139,Oncogenic MAPK Signaling R-HSA-6802957,0.0162985561731684,10.895833333333334,44.85464558420347,"['SRC', 'DUSP6']",0.0601882395823433,0,0,1.2204883589655386,2
140,Nuclear Events Mediated By NFE2L2 R-HSA-9759194,0.0162985561731684,10.895833333333334,44.85464558420347,"['MYC', 'HMOX1']",0.0601882395823433,0,0,1.2204883589655386,2
141,Metabolism Of Proteins R-HSA-392499,0.017057675399339323,2.4029255319148937,9.782682309500846,"['CDC20', 'NFKBIA', 'CCNA2', 'HSPA8', 'USP7', 'RRAGA', 'PCNA', 'MMP1', 'MYC', 'NRIP1']",0.060727231858018434,0,0,1.216616514961532,10
142,"Activation Of NIMA Kinases NEK9, NEK6, NEK7 R-HSA-2980767",0.017371741450283952,67.83673469387755,274.9362107684438,['PLK1'],0.060727231858018434,0,0,1.216616514961532,1
143,RUNX3 Regulates CDKN1A Transcription R-HSA-8941855,0.017371741450283952,67.83673469387755,274.9362107684438,['CDKN1A'],0.060727231858018434,0,0,1.216616514961532,1
144,Signaling By MAPK Mutants R-HSA-9652817,0.017371741450283952,67.83673469387755,274.9362107684438,['DUSP6'],0.060727231858018434,0,0,1.216616514961532,1
145,IkBA Variant Leads To EDA-ID R-HSA-5603029,0.017371741450283952,67.83673469387755,274.9362107684438,['NFKBIA'],0.060727231858018434,0,0,1.216616514961532,1
146,Insulin-like Growth Factor-2 mRNA Binding Proteins (IGF2BPs/IMPs/VICKZs) Bind RNA R-HSA-428359,0.017371741450283952,67.83673469387755,274.9362107684438,['MYC'],0.060727231858018434,0,0,1.216616514961532,1
147,DDX58/IFIH1-mediated Induction Of Interferon-Alpha/Beta R-HSA-168928,0.017501658697958892,10.48048523206751,42.398379802278754,"['NFKBIA', 'CASP10']",0.060727231858018434,0,0,1.216616514961532,2
148,Senescence-Associated Secretory Phenotype (SASP) R-HSA-2559582,0.017501658697958892,10.48048523206751,42.398379802278754,"['CCNA2', 'CDKN1A']",0.060727231858018434,0,0,1.216616514961532,2
149,TP53 Regulates Metabolic Genes R-HSA-5628897,0.017501658697958892,10.48048523206751,42.398379802278754,"['RRAGA', 'DDIT4']",0.060727231858018434,0,0,1.216616514961532,2
150,Global Genome Nucleotide Excision Repair (GG-NER) R-HSA-5696399,0.017910873954623378,10.348958333333334,41.62710426921145,"['PCNA', 'POLE2']",0.06173281223026858,0,0,1.209483938353348,2
151,Binding Of TCF/LEF:CTNNB1 To Target Gene Promoters R-HSA-4411364,0.01982916145118511,58.142857142857146,227.9549801512961,['MYC'],0.06613984819524324,0,0,1.1795368062176568,1
152,DNA Replication Initiation R-HSA-68952,0.01982916145118511,58.142857142857146,227.9549801512961,['POLE2'],0.06613984819524324,0,0,1.1795368062176568,1
153,TRAIL Signaling R-HSA-75158,0.01982916145118511,58.142857142857146,227.9549801512961,['CASP10'],0.06613984819524324,0,0,1.1795368062176568,1
154,InlA-mediated Entry Of Listeria Monocytogenes Into Host Cells R-HSA-8876493,0.01982916145118511,58.142857142857146,227.9549801512961,['SRC'],0.06613984819524324,0,0,1.1795368062176568,1
155,Netrin Mediated Repulsion Signals R-HSA-418886,0.01982916145118511,58.142857142857146,227.9549801512961,['SRC'],0.06613984819524324,0,0,1.1795368062176568,1
156,Regulation Of mRNA Stability By Proteins That Bind AU-rich Elements R-HSA-450531,0.020450527887125446,9.624031007751938,37.43504172973695,"['HSPA8', 'HSPA1A']",0.06777514690797344,0,0,1.1689295323789328,2
157,Diseases Of Signal Transduction By Growth Factor Receptors And Second Messengers R-HSA-5663202,0.02130715894082591,4.043478260869565,15.56218396031169,"['CDKN1A', 'SRC', 'MYC', 'DUSP6']",0.06856576825563142,0,0,1.1638926535088172,4
158,MAPK6/MAPK4 Signaling R-HSA-5687128,0.021328695384006162,9.40435606060606,36.18515879365064,"['DNAJB1', 'MYC']",0.06856576825563142,0,0,1.1638926535088172,2
159,Signaling By TGF-beta Receptor Complex R-HSA-170834,0.02177361021578966,9.298220973782772,35.5848177883064,"['MYC', 'SERPINE1']",0.06856576825563142,0,0,1.1638926535088172,2
160,Telomere Maintenance R-HSA-157579,0.022222383975626977,9.194444444444445,35.00007985571613,"['CCNA2', 'PCNA']",0.06856576825563142,0,0,1.1638926535088172,2
161,CHL1 Interactions R-HSA-447041,0.022280559123686802,50.87244897959184,193.52086993316271,['HSPA8'],0.06856576825563142,0,0,1.1638926535088172,1
162,Regulation Of PTEN Localization R-HSA-8948747,0.022280559123686802,50.87244897959184,193.52086993316271,['USP7'],0.06856576825563142,0,0,1.1638926535088172,1
163,Regulation Of Commissural Axon Pathfinding By SLIT And ROBO R-HSA-428542,0.022280559123686802,50.87244897959184,193.52086993316271,['SRC'],0.06856576825563142,0,0,1.1638926535088172,1
164,Downregulation Of ERBB4 Signaling R-HSA-1253288,0.022280559123686802,50.87244897959184,193.52086993316271,['SRC'],0.06856576825563142,0,0,1.1638926535088172,1
165,GP1b-IX-V Activation Signaling R-HSA-430116,0.022280559123686802,50.87244897959184,193.52086993316271,['SRC'],0.06856576825563142,0,0,1.1638926535088172,1
166,TRIF-mediated Programmed Cell Death R-HSA-2562578,0.022280559123686802,50.87244897959184,193.52086993316271,['TLR4'],0.06856576825563142,0,0,1.1638926535088172,1
167,Lipophagy R-HSA-9613354,0.022280559123686802,50.87244897959184,193.52086993316271,['HSPA8'],0.06856576825563142,0,0,1.1638926535088172,1
168,NR1H2 And NR1H3 Regulate Gene Expression Linked To Lipogenesis R-HSA-9029558,0.022280559123686802,50.87244897959184,193.52086993316271,['NRIP1'],0.06856576825563142,0,0,1.1638926535088172,1
169,Unattached Kinetochores Signal Amplification Via A MAD2 Inhibitory Signal R-HSA-141444,0.022674995409076425,9.092948717948717,34.43038199107018,"['CDC20', 'PLK1']",0.06936670193190834,0,0,1.1588489537176083,2
170,Leishmania Infection R-HSA-9658195,0.023820769977796415,5.1550401116149285,19.265402454250758,"['SRC', 'GNAS', 'HMOX1']",0.0724431651677691,0,0,1.1400025828628615,3
171,MyD88 Cascade Initiated On Plasma Membrane R-HSA-975871,0.024055644471290525,8.801418439716311,32.80628046281635,"['NFKBIA', 'DUSP6']",0.07272963854770294,0,0,1.1382885707831396,2
172,EML4 And NUDC In Mitotic Spindle Formation R-HSA-9648025,0.024523395696302068,8.708333333333334,32.29161197321332,"['CDC20', 'PLK1']",0.0730475173629852,0,0,1.136394539673257,2
173,RUNX3 Regulates p14-ARF R-HSA-8951936,0.02472594881725805,45.21768707482993,167.3010120823387,['CCND1'],0.0730475173629852,0,0,1.136394539673257,1
174,Receptor Mediated Mitophagy R-HSA-8934903,0.02472594881725805,45.21768707482993,167.3010120823387,['SRC'],0.0730475173629852,0,0,1.136394539673257,1
175,STAT5 Activation Downstream Of FLT3 ITD Mutants R-HSA-9702518,0.02472594881725805,45.21768707482993,167.3010120823387,['CDKN1A'],0.0730475173629852,0,0,1.136394539673257,1
176,CLEC7A (Dectin-1) Signaling R-HSA-5607764,0.025470075176232815,8.527920962199312,31.299610767204847,"['NFKBIA', 'SRC']",0.0743956433113693,0,0,1.1284524964599263,2
177,L1CAM Interactions R-HSA-373760,0.025470075176232815,8.527920962199312,31.299610767204847,"['HSPA8', 'SRC']",0.0743956433113693,0,0,1.1284524964599263,2
178,KEAP1-NFE2L2 Pathway R-HSA-9755511,0.025948961945953097,8.44047619047619,30.82144266223132,"['MYC', 'HMOX1']",0.07536861419133568,0,0,1.122809470061751,2
179,SUMOylation Of Immune Response Proteins R-HSA-4755510,0.027165344857992397,40.69387755102041,146.73452100035948,['NFKBIA'],0.07846080051163166,0,0,1.105347265209659,1
180,Toll Like Receptor 3 (TLR3) Cascade R-HSA-168164,0.02740756305932927,8.188531353135314,29.45362550083794,"['NFKBIA', 'DUSP6']",0.07872061167596241,0,0,1.1039115400027424,2
181,PI3K/AKT Signaling In Cancer R-HSA-2219528,0.0283980432384044,8.028721682847896,28.593770697553435,"['CDKN1A', 'SRC']",0.08111485278593965,0,0,1.0908996156733,2
182,"PI5P, PP2A And IER3 Regulate PI3K/AKT Signaling R-HSA-6811558",0.028898646186160913,7.951121794871795,28.178461808105727,"['SRC', 'IER3']",0.08164262337838903,0,0,1.0880830487813768,2
183,Resolution Of Sister Chromatid Cohesion R-HSA-2500257,0.028898646186160913,7.951121794871795,28.178461808105727,"['CDC20', 'PLK1']",0.08164262337838903,0,0,1.0880830487813768,2
184,PECAM1 Interactions R-HSA-210990,0.029598761568907096,36.99257884972171,130.2147194065139,['SRC'],0.08183187021991961,0,0,1.0870775231620495,1
185,TP53 Regulates Transcription Of Caspase Activators And Caspases R-HSA-6803207,0.029598761568907096,36.99257884972171,130.2147194065139,['CASP10'],0.08183187021991961,0,0,1.0870775231620495,1
186,Glutathione Synthesis And Recycling R-HSA-174403,0.029598761568907096,36.99257884972171,130.2147194065139,['CHAC1'],0.08183187021991961,0,0,1.0870775231620495,1
187,p38MAPK Events R-HSA-171007,0.029598761568907096,36.99257884972171,130.2147194065139,['SRC'],0.08183187021991961,0,0,1.0870775231620495,1
188,Mitotic Spindle Checkpoint R-HSA-69618,0.03093634050099251,7.655092592592593,26.607752397672005,"['CDC20', 'PLK1']",0.08507493637772941,0,0,1.0701983670139499,2
189,Dissolution Of Fibrin Clot R-HSA-75205,0.03202621324876303,33.90816326530612,116.6847899929619,['SERPINE1'],0.085348207472219,0,0,1.0688055957337697,1
190,Signal Regulatory Protein Family Interactions R-HSA-391160,0.03202621324876303,33.90816326530612,116.6847899929619,['SRC'],0.085348207472219,0,0,1.0688055957337697,1
191,ERKs Are Inactivated R-HSA-202670,0.03202621324876303,33.90816326530612,116.6847899929619,['DUSP6'],0.085348207472219,0,0,1.0688055957337697,1
192,FCGR Activation R-HSA-2029481,0.03202621324876303,33.90816326530612,116.6847899929619,['SRC'],0.085348207472219,0,0,1.0688055957337697,1
193,NF-kB Activation Thru FADD/RIP-1 Pathway Mediated By Caspase-8 And -10 R-HSA-933543,0.03202621324876303,33.90816326530612,116.6847899929619,['CASP10'],0.085348207472219,0,0,1.0688055957337697,1
194,NF-kB Is Activated And Signals Survival R-HSA-209560,0.03202621324876303,33.90816326530612,116.6847899929619,['NFKBIA'],0.085348207472219,0,0,1.0688055957337697,1
195,Negative Regulation Of PI3K/AKT Network R-HSA-199418,0.03250109931246501,7.447072072072072,25.517253680402074,"['SRC', 'IER3']",0.0861695812540739,0,0,1.0646460175277574,2
196,AKT Phosphorylates Targets In Cytosol R-HSA-198323,0.034447714169871156,31.298273155416013,105.4223689491126,['CDKN1A'],0.08773137057055856,0,0,1.056845085886152,1
197,Removal Of Flap Intermediate R-HSA-69166,0.034447714169871156,31.298273155416013,105.4223689491126,['PCNA'],0.08773137057055856,0,0,1.056845085886152,1
198,DCC Mediated Attractive Signaling R-HSA-418885,0.034447714169871156,31.298273155416013,105.4223689491126,['SRC'],0.08773137057055856,0,0,1.056845085886152,1
199,Repression Of WNT Target Genes R-HSA-4641265,0.034447714169871156,31.298273155416013,105.4223689491126,['MYC'],0.08773137057055856,0,0,1.056845085886152,1
200,Golgi Cisternae Pericentriolar Stack Reorganization R-HSA-162658,0.034447714169871156,31.298273155416013,105.4223689491126,['PLK1'],0.08773137057055856,0,0,1.056845085886152,1
201,Leading Strand Synthesis R-HSA-69109,0.034447714169871156,31.298273155416013,105.4223689491126,['PCNA'],0.08773137057055856,0,0,1.056845085886152,1
202,Mismatch Repair (MMR) Directed By MSH2:MSH3 (MutSbeta) R-HSA-5358606,0.034447714169871156,31.298273155416013,105.4223689491126,['PCNA'],0.08773137057055856,0,0,1.056845085886152,1
203,Mismatch Repair (MMR) Directed By MSH2:MSH6 (MutSalpha) R-HSA-5358565,0.034447714169871156,31.298273155416013,105.4223689491126,['PCNA'],0.08773137057055856,0,0,1.056845085886152,1
204,Chromosome Maintenance R-HSA-73886,0.035176955009368155,7.124281609195402,23.8475644827565,"['CCNA2', 'PCNA']",0.08914943990119283,0,0,1.049881381020151,2
205,Signaling By TGFB Family Members R-HSA-9006936,0.03572213956233325,7.063034188034188,23.533921331722766,"['MYC', 'SERPINE1']",0.08947565743142943,0,0,1.0482951019036681,2
206,Processive Synthesis On Lagging Strand R-HSA-69183,0.03686327859360632,29.06122448979592,95.91771596133705,['PCNA'],0.08947565743142943,0,0,1.0482951019036681,1
207,Response Of EIF2AK1 (HRI) To Heme Deficiency R-HSA-9648895,0.03686327859360632,29.06122448979592,95.91771596133705,['CHAC1'],0.08947565743142943,0,0,1.0482951019036681,1
208,EPHA-mediated Growth Cone Collapse R-HSA-3928663,0.03686327859360632,29.06122448979592,95.91771596133705,['SRC'],0.08947565743142943,0,0,1.0482951019036681,1
209,Signaling By FLT3 ITD And TKD Mutants R-HSA-9703648,0.03686327859360632,29.06122448979592,95.91771596133705,['CDKN1A'],0.08947565743142943,0,0,1.0482951019036681,1
210,GRB2:SOS Provides Linkage To MAPK Signaling For Integrins R-HSA-354194,0.03686327859360632,29.06122448979592,95.91771596133705,['SRC'],0.08947565743142943,0,0,1.0482951019036681,1
211,IRAK2 Mediated Activation Of TAK1 Complex Upon TLR7/8 Or 9 Stimulation R-HSA-975163,0.03686327859360632,29.06122448979592,95.91771596133705,['TLR4'],0.08947565743142943,0,0,1.0482951019036681,1
212,p130Cas Linkage To MAPK Signaling For Integrins R-HSA-372708,0.03686327859360632,29.06122448979592,95.91771596133705,['SRC'],0.08947565743142943,0,0,1.0482951019036681,1
213,Mismatch Repair R-HSA-5358508,0.03686327859360632,29.06122448979592,95.91771596133705,['PCNA'],0.08947565743142943,0,0,1.0482951019036681,1
214,PKA Activation In Glucagon Signaling R-HSA-164378,0.039272920734465235,27.122448979591837,87.80133530116419,['GNAS'],0.09024044453208234,0,0,1.0445987739840166,1
215,Polo-like Kinase Mediated Events R-HSA-156711,0.039272920734465235,27.122448979591837,87.80133530116419,['PLK1'],0.09024044453208234,0,0,1.0445987739840166,1
216,Caspase Activation Via Death Receptors In Presence Of Ligand R-HSA-140534,0.039272920734465235,27.122448979591837,87.80133530116419,['TLR4'],0.09024044453208234,0,0,1.0445987739840166,1
217,Regulation Of KIT Signaling R-HSA-1433559,0.039272920734465235,27.122448979591837,87.80133530116419,['SRC'],0.09024044453208234,0,0,1.0445987739840166,1
218,Signaling By NTRK3 (TRKC) R-HSA-9034015,0.039272920734465235,27.122448979591837,87.80133530116419,['SRC'],0.09024044453208234,0,0,1.0445987739840166,1
219,Spry Regulation Of FGF Signaling R-HSA-1295596,0.039272920734465235,27.122448979591837,87.80133530116419,['SRC'],0.09024044453208234,0,0,1.0445987739840166,1
220,TRAF6-mediated Induction Of TAK1 Complex Within TLR4 Complex R-HSA-937072,0.039272920734465235,27.122448979591837,87.80133530116419,['TLR4'],0.09024044453208234,0,0,1.0445987739840166,1
221,NLRP3 Inflammasome R-HSA-844456,0.039272920734465235,27.122448979591837,87.80133530116419,['HMOX1'],0.09024044453208234,0,0,1.0445987739840166,1
222,Transcription Of E2F Targets Under Negative Control By P107 (RBL1) And P130 (RBL2) In Complex With HDAC1 R-HSA-1362300,0.039272920734465235,27.122448979591837,87.80133530116419,['CCNA2'],0.09024044453208234,0,0,1.0445987739840166,1
223,Heme Degradation R-HSA-189483,0.039272920734465235,27.122448979591837,87.80133530116419,['HMOX1'],0.09024044453208234,0,0,1.0445987739840166,1
224,Translesion Synthesis By REV1 R-HSA-110312,0.039272920734465235,27.122448979591837,87.80133530116419,['PCNA'],0.09024044453208234,0,0,1.0445987739840166,1
225,p75NTR Signals Via NF-kB R-HSA-193639,0.039272920734465235,27.122448979591837,87.80133530116419,['NFKBIA'],0.09024044453208234,0,0,1.0445987739840166,1
226,Activation Of IRF3/IRF7 Mediated By TBK1/IKK Epsilon R-HSA-936964,0.04167665479123348,25.426020408163264,80.79916728086499,['TLR4'],0.09091489673868232,0,0,1.0413649502065512,1
227,Protein Methylation R-HSA-8876725,0.04167665479123348,25.426020408163264,80.79916728086499,['HSPA8'],0.09091489673868232,0,0,1.0413649502065512,1
228,RIP-mediated NFkB Activation Via ZBP1 R-HSA-1810476,0.04167665479123348,25.426020408163264,80.79916728086499,['NFKBIA'],0.09091489673868232,0,0,1.0413649502065512,1
229,Removal Of Flap Intermediate From C-strand R-HSA-174437,0.04167665479123348,25.426020408163264,80.79916728086499,['PCNA'],0.09091489673868232,0,0,1.0413649502065512,1
230,FOXO-mediated Transcription Of Cell Cycle Genes R-HSA-9617828,0.04167665479123348,25.426020408163264,80.79916728086499,['CDKN1A'],0.09091489673868232,0,0,1.0413649502065512,1
231,Formation Of Senescence-Associated Heterochromatin Foci (SAHF) R-HSA-2559584,0.04167665479123348,25.426020408163264,80.79916728086499,['CDKN1A'],0.09091489673868232,0,0,1.0413649502065512,1
232,GAB1 Signalosome R-HSA-180292,0.04167665479123348,25.426020408163264,80.79916728086499,['SRC'],0.09091489673868232,0,0,1.0413649502065512,1
233,TNF Receptor Superfamily (TNFSF) Members Mediating Non-Canonical NF-kB Pathway R-HSA-5676594,0.04167665479123348,25.426020408163264,80.79916728086499,['CD40'],0.09091489673868232,0,0,1.0413649502065512,1
234,Translesion Synthesis By POLI R-HSA-5656121,0.04167665479123348,25.426020408163264,80.79916728086499,['PCNA'],0.09091489673868232,0,0,1.0413649502065512,1
235,Translesion Synthesis By POLK R-HSA-5655862,0.04167665479123348,25.426020408163264,80.79916728086499,['PCNA'],0.09091489673868232,0,0,1.0413649502065512,1
236,MET Activates PTK2 Signaling R-HSA-8874081,0.04167665479123348,25.426020408163264,80.79916728086499,['SRC'],0.09091489673868232,0,0,1.0413649502065512,1
237,MyD88 Deficiency (TLR2/4) R-HSA-5602498,0.04167665479123348,25.426020408163264,80.79916728086499,['TLR4'],0.09091489673868232,0,0,1.0413649502065512,1
238,G Alpha (I) Signaling Events R-HSA-418594,0.04303570813232823,4.05721958273084,12.762897421682569,"['SRC', 'GNAS', 'CXCL2']",0.09338735196592259,0,0,1.0297119390093468,3
239,Regulation Of TLR By Endogenous Ligand R-HSA-5686938,0.04407449493169267,23.92917166866747,74.70385911458476,['TLR4'],0.09338735196592259,0,0,1.0297119390093468,1
240,Signaling By FLT3 Fusion Proteins R-HSA-9703465,0.04407449493169267,23.92917166866747,74.70385911458476,['CDKN1A'],0.09338735196592259,0,0,1.0297119390093468,1
241,Ephrin Signaling R-HSA-3928664,0.04407449493169267,23.92917166866747,74.70385911458476,['SRC'],0.09338735196592259,0,0,1.0297119390093468,1
242,TP53 Regulates Transcription Of Genes Involved In G2 Cell Cycle Arrest R-HSA-6804114,0.04407449493169267,23.92917166866747,74.70385911458476,['PCNA'],0.09338735196592259,0,0,1.0297119390093468,1
243,IRAK4 Deficiency (TLR2/4) R-HSA-5603041,0.04407449493169267,23.92917166866747,74.70385911458476,['TLR4'],0.09338735196592259,0,0,1.0297119390093468,1
244,VEGFR2 Mediated Cell Proliferation R-HSA-5218921,0.04407449493169267,23.92917166866747,74.70385911458476,['SRC'],0.09338735196592259,0,0,1.0297119390093468,1
245,Cell Surface Interactions At Vascular Wall R-HSA-202733,0.04428445162178129,6.255681818181818,19.49972118549308,"['MMP1', 'SRC']",0.09344923056514663,0,0,1.0294242701298435,2
246,Processive Synthesis On C-strand Of Telomere R-HSA-174414,0.04646645529524364,22.598639455782312,69.35578082800635,['PCNA'],0.09495319125549788,0,0,1.0224904345987604,1
247,Prostacyclin Signaling Thru Prostacyclin Receptor R-HSA-392851,0.04646645529524364,22.598639455782312,69.35578082800635,['GNAS'],0.09495319125549788,0,0,1.0224904345987604,1
248,RHO GTPases Activate CIT R-HSA-5625900,0.04646645529524364,22.598639455782312,69.35578082800635,['KIF14'],0.09495319125549788,0,0,1.0224904345987604,1
249,Signaling By KIT In Disease R-HSA-9669938,0.04646645529524364,22.598639455782312,69.35578082800635,['SRC'],0.09495319125549788,0,0,1.0224904345987604,1
250,Signaling To RAS R-HSA-167044,0.04646645529524364,22.598639455782312,69.35578082800635,['SRC'],0.09495319125549788,0,0,1.0224904345987604,1
251,"GABA Synthesis, Release, Reuptake And Degradation R-HSA-888590",0.04646645529524364,22.598639455782312,69.35578082800635,['HSPA8'],0.09495319125549788,0,0,1.0224904345987604,1
252,Translesion Synthesis By POLH R-HSA-110320,0.04646645529524364,22.598639455782312,69.35578082800635,['PCNA'],0.09495319125549788,0,0,1.0224904345987604,1
253,Listeria Monocytogenes Entry Into Host Cells R-HSA-8876384,0.04646645529524364,22.598639455782312,69.35578082800635,['SRC'],0.09495319125549788,0,0,1.0224904345987604,1
254,Death Receptor Signaling R-HSA-73887,0.04729227939443079,6.025851581508515,18.3873330672393,"['NFKBIA', 'CASP10']",0.09626026947606582,0,0,1.0165529268701232,2
255,C-type Lectin Receptors (CLRs) R-HSA-5621481,0.04851599858076259,5.938549160671463,17.96922826755323,"['NFKBIA', 'SRC']",0.09751648007995503,0,0,1.0109219832453074,2
256,Phosphorylation Of APC/C R-HSA-176412,0.04885254998202776,21.408163265306122,64.63014669364038,['PLK1'],0.09751648007995503,0,0,1.0109219832453074,1
257,Chaperone Mediated Autophagy R-HSA-9613829,0.04885254998202776,21.408163265306122,64.63014669364038,['HSPA8'],0.09751648007995503,0,0,1.0109219832453074,1
258,Conversion From APC/C:Cdc20 To APC/C:Cdh1 In Late Anaphase R-HSA-176407,0.04885254998202776,21.408163265306122,64.63014669364038,['CDC20'],0.09751648007995503,0,0,1.0109219832453074,1
259,Lagging Strand Synthesis R-HSA-69186,0.04885254998202776,21.408163265306122,64.63014669364038,['PCNA'],0.09751648007995503,0,0,1.0109219832453074,1
260,CTLA4 Inhibitory Signaling R-HSA-389513,0.0512327930672156,20.336734693877553,60.42807445408675,['SRC'],0.10033088642329721,0,0,0.9985653507452692,1
261,Deregulated CDK5 Triggers Neurodegenerative Pathways In Alzheimers Disease Models R-HSA-8862803,0.0512327930672156,20.336734693877553,60.42807445408675,['CDC25B'],0.10033088642329721,0,0,0.9985653507452692,1
262,Inactivation Of APC/C Via Direct Inhibition Of APC/C Complex R-HSA-141430,0.0512327930672156,20.336734693877553,60.42807445408675,['CDC20'],0.10033088642329721,0,0,0.9985653507452692,1
263,Inflammasomes R-HSA-622312,0.0512327930672156,20.336734693877553,60.42807445408675,['HMOX1'],0.10033088642329721,0,0,0.9985653507452692,1
264,ZBP1(DAI) Mediated Induction Of Type I IFNs R-HSA-1606322,0.0512327930672156,20.336734693877553,60.42807445408675,['NFKBIA'],0.10033088642329721,0,0,0.9985653507452692,1
265,ERK/MAPK Targets R-HSA-198753,0.05360719859925478,19.367346938775512,56.67024999786951,['DUSP6'],0.10419143487148391,0,0,0.982167981045525,1
266,Insertion Of Tail-Anchored Proteins Into Endoplasmic Reticulum Membrane R-HSA-9609523,0.05360719859925478,19.367346938775512,56.67024999786951,['HMOX1'],0.10419143487148391,0,0,0.982167981045525,1
267,RAF-independent MAPK1/3 Activation R-HSA-112409,0.05597578058787951,18.4860853432282,53.29235549319145,['DUSP6'],0.10623309556579907,0,0,0.9737401632689325,1
268,Signaling By NTRK2 (TRKB) R-HSA-9006115,0.05597578058787951,18.4860853432282,53.29235549319145,['SRC'],0.10623309556579907,0,0,0.9737401632689325,1
269,Telomere Extension By Telomerase R-HSA-171319,0.05597578058787951,18.4860853432282,53.29235549319145,['CCNA2'],0.10623309556579907,0,0,0.9737401632689325,1
270,IKK Complex Recruitment Mediated By RIP1 R-HSA-937041,0.05597578058787951,18.4860853432282,53.29235549319145,['TLR4'],0.10623309556579907,0,0,0.9737401632689325,1
271,Long-term Potentiation R-HSA-9620244,0.05597578058787951,18.4860853432282,53.29235549319145,['SRC'],0.10623309556579907,0,0,0.9737401632689325,1
272,G Alpha (S) Signaling Events R-HSA-418555,0.05609600597575077,5.463300220750551,15.73807793899423,"['SRC', 'GNAS']",0.10623309556579907,0,0,0.9737401632689325,2
273,Metabolism Of Steroids R-HSA-8957322,0.05609600597575077,5.463300220750551,15.73807793899423,"['HMGCS1', 'INSIG1']",0.10623309556579907,0,0,0.9737401632689325,2
274,APC/C:Cdc20 Mediated Degradation Of Cyclin B R-HSA-174048,0.05833855301300996,17.68145519077196,50.24171555062859,['CDC20'],0.10849292053138904,0,0,0.9645985998289326,1
275,RUNX2 Regulates Osteoblast Differentiation R-HSA-8940973,0.05833855301300996,17.68145519077196,50.24171555062859,['SRC'],0.10849292053138904,0,0,0.9645985998289326,1
276,Defective Intrinsic Pathway For Apoptosis R-HSA-9734009,0.05833855301300996,17.68145519077196,50.24171555062859,['CDC25B'],0.10849292053138904,0,0,0.9645985998289326,1
277,Estrogen-dependent Nuclear Events Downstream Of ESR-membrane Signaling R-HSA-9634638,0.05833855301300996,17.68145519077196,50.24171555062859,['CCND1'],0.10849292053138904,0,0,0.9645985998289326,1
278,mTORC1-mediated Signaling R-HSA-166208,0.05833855301300996,17.68145519077196,50.24171555062859,['RRAGA'],0.10849292053138904,0,0,0.9645985998289326,1
279,Regulation Of TP53 Activity R-HSA-5633007,0.05870991797905501,5.321236559139785,15.086485770152207,"['CCNA2', 'USP7']",0.10879221360276502,0,0,0.963402186534553,2
280,ADP Signaling Thru P2Y Purinoceptor 1 R-HSA-418592,0.06069552982417541,16.943877551020407,47.47480020477031,['SRC'],0.11010382076876732,0,0,0.9581976100927245,1
281,Polymerase Switching On C-strand Of Telomere R-HSA-174411,0.06069552982417541,16.943877551020407,47.47480020477031,['PCNA'],0.11010382076876732,0,0,0.9581976100927245,1
282,Basigin Interactions R-HSA-210991,0.06069552982417541,16.943877551020407,47.47480020477031,['MMP1'],0.11010382076876732,0,0,0.9581976100927245,1
283,Cell Recruitment (Pro-Inflammatory Response) R-HSA-9664424,0.06069552982417541,16.943877551020407,47.47480020477031,['HMOX1'],0.11010382076876732,0,0,0.9581976100927245,1
284,TRAF6 Mediated NF-kB Activation R-HSA-933542,0.06069552982417541,16.943877551020407,47.47480020477031,['NFKBIA'],0.11010382076876732,0,0,0.9581976100927245,1
285,NOTCH3 Intracellular Domain Regulates Transcription R-HSA-9013508,0.06069552982417541,16.943877551020407,47.47480020477031,['IKZF1'],0.11010382076876732,0,0,0.9581976100927245,1
286,APC-Cdc20 Mediated Degradation Of Nek2A R-HSA-179409,0.06304672495404354,16.26530612244898,44.95534064809558,['CDC20'],0.11278600969287374,0,0,0.9477447681718832,1
287,Caspase Activation Via Extrinsic Apoptotic Signaling Pathway R-HSA-5357769,0.06304672495404354,16.26530612244898,44.95534064809558,['TLR4'],0.11278600969287374,0,0,0.9477447681718832,1
288,Cholesterol Biosynthesis R-HSA-191273,0.06304672495404354,16.26530612244898,44.95534064809558,['HMGCS1'],0.11278600969287374,0,0,0.9477447681718832,1
289,Constitutive Signaling By AKT1 E17K In Cancer R-HSA-5674400,0.06304672495404354,16.26530612244898,44.95534064809558,['CDKN1A'],0.11278600969287374,0,0,0.9477447681718832,1
290,Protein Localization R-HSA-9609507,0.06338426478192435,5.089506172839506,14.03960451512792,"['TIMM9', 'HMOX1']",0.11299884445605134,0,0,0.9469259976575225,2
291,Anti-inflammatory Response Favoring Leishmania Infection R-HSA-9662851,0.0640621553999463,5.058026584867076,13.898958782878777,"['SRC', 'GNAS']",0.1138148946452654,0,0,0.9438008992857446,2
292,"BMAL1:CLOCK,NPAS2 Activates Circadian Gene Expression R-HSA-1368108",0.06539215225886762,15.638932496075354,42.652889831563165,['SERPINE1'],0.11460251768757476,0,0,0.9408058413057125,1
293,FLT3 Signaling In Disease R-HSA-9682385,0.06539215225886762,15.638932496075354,42.652889831563165,['CDKN1A'],0.11460251768757476,0,0,0.9408058413057125,1
294,Gap Junction Trafficking And Regulation R-HSA-157858,0.06539215225886762,15.638932496075354,42.652889831563165,['SRC'],0.11460251768757476,0,0,0.9408058413057125,1
295,Integrin Signaling R-HSA-354192,0.06539215225886762,15.638932496075354,42.652889831563165,['SRC'],0.11460251768757476,0,0,0.9408058413057125,1
296,Separation Of Sister Chromatids R-HSA-2467813,0.06748853324013508,4.90625,13.226256844780602,"['CDC20', 'PLK1']",0.11633672372385458,0,0,0.9342831709716065,2
297,Recycling Pathway Of L1 R-HSA-437239,0.0677318256109869,15.058956916099774,40.541710435272364,['SRC'],0.11633672372385458,0,0,0.9342831709716065,1
298,Downstream Signal Transduction R-HSA-186763,0.0677318256109869,15.058956916099774,40.541710435272364,['SRC'],0.11633672372385458,0,0,0.9342831709716065,1
299,MET Promotes Cell Motility R-HSA-8875878,0.0677318256109869,15.058956916099774,40.541710435272364,['SRC'],0.11633672372385458,0,0,0.9342831709716065,1
300,Metabolism Of Porphyrins R-HSA-189445,0.0677318256109869,15.058956916099774,40.541710435272364,['HMOX1'],0.11633672372385458,0,0,0.9342831709716065,1
301,Mitophagy R-HSA-5205647,0.0677318256109869,15.058956916099774,40.541710435272364,['SRC'],0.11633672372385458,0,0,0.9342831709716065,1
302,M Phase R-HSA-68886,0.06933644263766002,3.3139003329759014,8.844086317804374,"['CDC20', 'PLK1', 'KIF20A']",0.11869847961480208,0,0,0.9255548438013532,3
303,Energy Dependent Regulation Of mTOR By LKB1-AMPK R-HSA-380972,0.07006575883720893,14.520408163265307,38.5999069065122,['RRAGA'],0.1187672043240558,0,0,0.9253034663194575,1
304,G1/S-Specific Transcription R-HSA-69205,0.07006575883720893,14.520408163265307,38.5999069065122,['PCNA'],0.1187672043240558,0,0,0.9253034663194575,1
305,Negative Regulation Of FGFR3 Signaling R-HSA-5654732,0.07006575883720893,14.520408163265307,38.5999069065122,['SRC'],0.1187672043240558,0,0,0.9253034663194575,1
306,Synthesis Of Active Ubiquitin: Roles Of E1 And E2 Enzymes R-HSA-8866652,0.0723939657090184,14.019000703729768,36.80874147674154,['USP7'],0.12191426798554565,0,0,0.9139454646459457,1
307,MAPK Targets/ Nuclear Events Mediated By MAP Kinases R-HSA-450282,0.0723939657090184,14.019000703729768,36.80874147674154,['DUSP6'],0.12191426798554565,0,0,0.9139454646459457,1
308,RUNX2 Regulates Bone Development R-HSA-8941326,0.07471646000262763,13.551020408163266,35.15209038871121,['SRC'],0.12380900583768746,0,0,0.9072477636894083,1
309,DNA Strand Elongation R-HSA-69190,0.07471646000262763,13.551020408163266,35.15209038871121,['PCNA'],0.12380900583768746,0,0,0.9072477636894083,1
310,Downregulation Of SMAD2/3:SMAD4 Transcriptional Activity R-HSA-2173795,0.07471646000262763,13.551020408163266,35.15209038871121,['SERPINE1'],0.12380900583768746,0,0,0.9072477636894083,1
311,Late Endosomal Microautophagy R-HSA-9615710,0.07471646000262763,13.551020408163266,35.15209038871121,['HSPA8'],0.12380900583768746,0,0,0.9072477636894083,1
312,Negative Regulation Of FGFR4 Signaling R-HSA-5654733,0.07471646000262763,13.551020408163266,35.15209038871121,['SRC'],0.12380900583768746,0,0,0.9072477636894083,1
313,Cellular Response To Chemical Stress R-HSA-9711123,0.07595327125893173,4.576388888888889,11.79626923326343,"['MYC', 'HMOX1']",0.12445685330856396,0,0,0.904981183650462,2
314,Signaling By Rho GTPases R-HSA-194315,0.07676672724428829,2.623641304347826,6.734845175777992,"['CDC20', 'SRC', 'PLK1', 'KIF14']",0.12445685330856396,0,0,0.904981183650462,4
315,Activation Of Pre-Replicative Complex R-HSA-68962,0.07703325543276686,13.113232389730086,33.61600807740255,['POLE2'],0.12445685330856396,0,0,0.904981183650462,1
316,RAF Activation R-HSA-5673000,0.07703325543276686,13.113232389730086,33.61600807740255,['SRC'],0.12445685330856396,0,0,0.904981183650462,1
317,Glucagon Signaling In Metabolic Regulation R-HSA-163359,0.07703325543276686,13.113232389730086,33.61600807740255,['GNAS'],0.12445685330856396,0,0,0.904981183650462,1
318,Gluconeogenesis R-HSA-70263,0.07703325543276686,13.113232389730086,33.61600807740255,['ALDOC'],0.12445685330856396,0,0,0.904981183650462,1
319,Thrombin Signaling Thru Proteinase Activated Receptors (PARs) R-HSA-456926,0.07703325543276686,13.113232389730086,33.61600807740255,['SRC'],0.12445685330856396,0,0,0.904981183650462,1
320,Nuclear Signaling By ERBB4 R-HSA-1251985,0.07703325543276686,13.113232389730086,33.61600807740255,['SRC'],0.12445685330856396,0,0,0.904981183650462,1
321,Mitotic Prometaphase R-HSA-68877,0.07884713359091254,4.475996376811594,11.37012436768999,"['CDC20', 'PLK1']",0.12468400325218687,0,0,0.9041892621986666,2
322,Oncogene Induced Senescence R-HSA-2559585,0.0793443657059371,12.70280612244898,32.18837516559274,['E2F2'],0.12468400325218687,0,0,0.9041892621986666,1
323,Activation Of Matrix Metalloproteinases R-HSA-1592389,0.0793443657059371,12.70280612244898,32.18837516559274,['MMP1'],0.12468400325218687,0,0,0.9041892621986666,1
324,Signal Amplification R-HSA-392518,0.0793443657059371,12.70280612244898,32.18837516559274,['SRC'],0.12468400325218687,0,0,0.9041892621986666,1
325,Signaling By High-Kinase Activity BRAF Mutants R-HSA-6802948,0.0793443657059371,12.70280612244898,32.18837516559274,['SRC'],0.12468400325218687,0,0,0.9041892621986666,1
326,Signaling To ERKs R-HSA-187687,0.0793443657059371,12.70280612244898,32.18837516559274,['SRC'],0.12468400325218687,0,0,0.9041892621986666,1
327,Telomere C-strand (Lagging Strand) Synthesis R-HSA-174417,0.0793443657059371,12.70280612244898,32.18837516559274,['PCNA'],0.12468400325218687,0,0,0.9041892621986666,1
328,Glucagon-type Ligand Receptors R-HSA-420092,0.0793443657059371,12.70280612244898,32.18837516559274,['GNAS'],0.12468400325218687,0,0,0.9041892621986666,1
329,Negative Regulation Of FGFR1 Signaling R-HSA-5654726,0.0793443657059371,12.70280612244898,32.18837516559274,['SRC'],0.12468400325218687,0,0,0.9041892621986666,1
330,CD28 Co-Stimulation R-HSA-389356,0.0816498044624026,12.317254174397032,30.85861216573232,['SRC'],0.12676561233351993,0,0,0.8969985414009426,1
331,EPHB-mediated Forward Signaling R-HSA-3928662,0.0816498044624026,12.317254174397032,30.85861216573232,['SRC'],0.12676561233351993,0,0,0.8969985414009426,1
332,Lysosome Vesicle Biogenesis R-HSA-432720,0.0816498044624026,12.317254174397032,30.85861216573232,['HSPA8'],0.12676561233351993,0,0,0.8969985414009426,1
333,Negative Regulation Of FGFR2 Signaling R-HSA-5654727,0.0816498044624026,12.317254174397032,30.85861216573232,['SRC'],0.12676561233351993,0,0,0.8969985414009426,1
334,"Signaling By Rho GTPases, Miro GTPases And RHOBTB3 R-HSA-9716542",0.08232344387913429,2.5575291622481444,6.3864044164946145,"['CDC20', 'SRC', 'PLK1', 'KIF14']",0.1274288038488396,0,0,0.8947323935179149,4
335,Platelet Aggregation (Plug Formation) R-HSA-76009,0.08624372197430759,11.612244897959183,28.456712045041098,['SRC'],0.1323086179843235,0,0,0.878411866914982,1
336,Export Of Viral Ribonucleoproteins From Nucleus R-HSA-168274,0.08624372197430759,11.612244897959183,28.456712045041098,['HSPA1A'],0.1323086179843235,0,0,0.878411866914982,1
337,Glutathione Conjugation R-HSA-156590,0.08624372197430759,11.612244897959183,28.456712045041098,['CHAC1'],0.1323086179843235,0,0,0.878411866914982,1
338,MAP2K And MAPK Activation R-HSA-5674135,0.08853222789026767,11.289115646258503,27.36920368672352,['SRC'],0.13541763851854552,0,0,0.8683247639199784,1
339,Signaling By RAF1 Mutants R-HSA-9656223,0.09081511663134849,10.983452840595698,26.34852930034076,['SRC'],0.13809239793649167,0,0,0.8598302289167107,1
340,FCGR3A-mediated IL10 Synthesis R-HSA-9664323,0.09081511663134849,10.983452840595698,26.34852930034076,['SRC'],0.13809239793649167,0,0,0.8598302289167107,1
341,Transcriptional Regulation By RUNX1 R-HSA-8878171,0.09228339151793027,4.073432343234323,9.706545652223769,"['CCND1', 'SRC']",0.13990922000380174,0,0,0.8541536646015732,2
342,RHOU GTPase Cycle R-HSA-9013420,0.09309240170465724,10.693877551020408,25.38900533231373,['SRC'],0.13990922000380174,0,0,0.8541536646015732,1
343,Signaling By FGFR3 R-HSA-5654741,0.09309240170465724,10.693877551020408,25.38900533231373,['SRC'],0.13990922000380174,0,0,0.8541536646015732,1
344,Transcriptional Regulation By VENTX R-HSA-8853884,0.09309240170465724,10.693877551020408,25.38900533231373,['CCND1'],0.13990922000380174,0,0,0.8541536646015732,1
345,RET Signaling R-HSA-8853659,0.09536409657552716,10.419152276295133,24.485561288951835,['SRC'],0.14208425916296122,0,0,0.8474540328207724,1
346,Collagen Degradation R-HSA-1442490,0.09536409657552716,10.419152276295133,24.485561288951835,['MMP1'],0.14208425916296122,0,0,0.8474540328207724,1
347,Signaling By FGFR4 R-HSA-5654743,0.09536409657552716,10.419152276295133,24.485561288951835,['SRC'],0.14208425916296122,0,0,0.8474540328207724,1
348,Paradoxical Activation Of RAF Signaling By Kinase Inactive BRAF R-HSA-6802955,0.09763021468476817,10.158163265306122,23.633660200289185,['SRC'],0.14421377426292897,0,0,0.8409932569488345,1
349,MTOR Signaling R-HSA-165159,0.09763021468476817,10.158163265306122,23.633660200289185,['RRAGA'],0.14421377426292897,0,0,0.8409932569488345,1
350,Negative Regulation Of MAPK Pathway R-HSA-5675221,0.09763021468476817,10.158163265306122,23.633660200289185,['DUSP6'],0.14421377426292897,0,0,0.8409932569488345,1
351,Activation Of Gene Expression By SREBF (SREBP) R-HSA-2426168,0.09989076947033614,9.909905425584869,22.829231064333683,['HMGCS1'],0.14506608937124657,0,0,0.8384340963157125,1
352,RND1 GTPase Cycle R-HSA-9696273,0.09989076947033614,9.909905425584869,22.829231064333683,['KIF14'],0.14506608937124657,0,0,0.8384340963157125,1
353,Signaling By SCF-KIT R-HSA-1433557,0.09989076947033614,9.909905425584869,22.829231064333683,['SRC'],0.14506608937124657,0,0,0.8384340963157125,1
354,Glucagon-like Peptide-1 (GLP1) Regulates Insulin Secretion R-HSA-381676,0.09989076947033614,9.909905425584869,22.829231064333683,['GNAS'],0.14506608937124657,0,0,0.8384340963157125,1
355,Vasopressin Regulates Renal Water Homeostasis Via Aquaporins R-HSA-432040,0.09989076947033614,9.909905425584869,22.829231064333683,['GNAS'],0.14506608937124657,0,0,0.8384340963157125,1
356,Kinesins R-HSA-983189,0.09989076947033614,9.909905425584869,22.829231064333683,['KIF20A'],0.14506608937124657,0,0,0.8384340963157125,1
357,RND2 GTPase Cycle R-HSA-9696270,0.10214577427941592,9.673469387755102,22.068611238785657,['KIF14'],0.14710129610712544,0,0,0.8323835006940015,1
358,Condensation Of Prophase Chromosomes R-HSA-2299718,0.10214577427941592,9.673469387755102,22.068611238785657,['PLK1'],0.14710129610712544,0,0,0.8323835006940015,1
359,SUMOylation Of Transcription Cofactors R-HSA-3899300,0.10214577427941592,9.673469387755102,22.068611238785657,['NRIP1'],0.14710129610712544,0,0,0.8323835006940015,1
360,TP53 Regulates Transcription Of Cell Death Genes R-HSA-5633008,0.10439524246477773,9.448030374940673,21.34849709415977,['CASP10'],0.1499231676508058,0,0,0.8241312503708361,1
361,SUMOylation Of DNA Replication Proteins R-HSA-4615885,0.10663918735293466,9.232838589981448,20.665901611884028,['PCNA'],0.15188005471478574,0,0,0.8184992550776364,1
362,TAK1-dependent IKK And NF-kappa-B Activation R-HSA-445989,0.10663918735293466,9.232838589981448,20.665901611884028,['NFKBIA'],0.15188005471478574,0,0,0.8184992550776364,1
363,Interleukin-10 Signaling R-HSA-6783783,0.10663918735293466,9.232838589981448,20.665901611884028,['CXCL2'],0.15188005471478574,0,0,0.8184992550776364,1
364,NR1H2 And NR1H3-mediated Signaling R-HSA-9024446,0.10887762220856746,9.02721088435374,20.018117808730278,['NRIP1'],0.15464211725777302,0,0,0.8106722128654781,1
365,G Alpha (Z) Signaling Events R-HSA-418597,0.11111056030365549,8.830523513753327,19.402687070536402,['GNAS'],0.1573812593890134,0,0,0.8030469837209404,1
366,Neutrophil Degranulation R-HSA-6798695,0.11173388603700889,2.6746739876458476,5.861909800062403,"['HSPA8', 'ALDOC', 'HSPA1A']",0.15783174612331582,0,0,0.8018056387722491,3
367,NOTCH1 Intracellular Domain Regulates Transcription R-HSA-2122947,0.11333801483691312,8.642205818497612,18.81737166641443,['MYC'],0.1588949986555809,0,0,0.7988897723361481,1
368,Mitotic Anaphase R-HSA-68882,0.11438014460998691,3.572463768115942,7.745915171502187,"['CDC20', 'PLK1']",0.1588949986555809,0,0,0.7988897723361481,2
369,Mitotic Metaphase And Anaphase R-HSA-2555396,0.11519321801475478,3.5568181818181817,7.686797709159083,"['CDC20', 'PLK1']",0.1588949986555809,0,0,0.7988897723361481,2
370,RMTs Methylate Histone Arginines R-HSA-3214858,0.11555999902224065,8.46173469387755,18.260130793597916,['CCND1'],0.1588949986555809,0,0,0.7988897723361481,1
371,Signaling By EGFR R-HSA-177929,0.11555999902224065,8.46173469387755,18.260130793597916,['SRC'],0.1588949986555809,0,0,0.7988897723361481,1
372,Signaling By ERBB2 R-HSA-1227986,0.11555999902224065,8.46173469387755,18.260130793597916,['SRC'],0.1588949986555809,0,0,0.7988897723361481,1
373,EPH-ephrin Mediated Repulsion Of Cells R-HSA-3928665,0.11555999902224065,8.46173469387755,18.260130793597916,['SRC'],0.1588949986555809,0,0,0.7988897723361481,1
374,Signaling By FGFR1 R-HSA-5654736,0.11555999902224065,8.46173469387755,18.260130793597916,['SRC'],0.1588949986555809,0,0,0.7988897723361481,1
375,Signaling By NOTCH3 R-HSA-9012852,0.11555999902224065,8.46173469387755,18.260130793597916,['IKZF1'],0.1588949986555809,0,0,0.7988897723361481,1
376,Netrin-1 Signaling R-HSA-373752,0.11555999902224065,8.46173469387755,18.260130793597916,['SRC'],0.1588949986555809,0,0,0.7988897723361481,1
377,Aquaporin-mediated Transport R-HSA-445717,0.1177765260040411,8.28862973760933,17.7290996615035,['GNAS'],0.16108588344997155,0,0,0.7929425167403269,1
378,Neurotransmitter Release Cycle R-HSA-112310,0.1177765260040411,8.28862973760933,17.7290996615035,['HSPA8'],0.16108588344997155,0,0,0.7929425167403269,1
379,Chromatin Modifying Enzymes R-HSA-3247509,0.11928116627690166,3.4805790960451977,7.400657287256659,"['CCND1', 'JADE2']",0.16271335874711915,0,0,0.7885767900748444,2
380,Ubiquitin-dependent Degradation Of Cyclin D R-HSA-75815,0.11998760892209076,8.122448979591837,17.22257115519733,['CCND1'],0.16324629950716033,0,0,0.7871566545970569,1
381,Signaling By Non-Receptor Tyrosine Kinases R-HSA-9006927,0.12219326087078625,7.9627851140456185,16.738979733033663,['CCND1'],0.16494495005273235,0,0,0.7826609762556777,1
382,Signaling By PDGF R-HSA-186797,0.12219326087078625,7.9627851140456185,16.738979733033663,['SRC'],0.16494495005273235,0,0,0.7826609762556777,1
383,Formation Of TC-NER Pre-Incision Complex R-HSA-6781823,0.12219326087078625,7.9627851140456185,16.738979733033663,['USP7'],0.16494495005273235,0,0,0.7826609762556777,1
384,"Nucleotide-binding Domain, Leucine Rich Repeat Containing NLR Signaling Pathways R-HSA-168643",0.12439349491287167,7.8092621664050235,16.276887238960814,['HMOX1'],0.16704269316871337,0,0,0.7771725166490827,1
385,Nuclear Envelope Breakdown R-HSA-2980766,0.12439349491287167,7.8092621664050235,16.276887238960814,['PLK1'],0.16704269316871337,0,0,0.7771725166490827,1
386,Transmission Across Chemical Synapses R-HSA-112315,0.12589722864430564,3.3650956284153004,6.973451834282437,"['HSPA8', 'SRC']",0.16862400831374616,0,0,0.7730805914201684,2
387,Regulation Of RUNX3 Expression And Activity R-HSA-8941858,0.1265883240687765,7.661532537543319,15.834970375184442,['SRC'],0.1686756792359728,0,0,0.7729475323193051,1
388,SCF-beta-TrCP Mediated Degradation Of Emi1 R-HSA-174113,0.1265883240687765,7.661532537543319,15.834970375184442,['CDC20'],0.1686756792359728,0,0,0.7729475323193051,1
389,Amino Acids Regulate mTORC1 R-HSA-9639288,0.12877776139221664,7.519274376417234,15.412009607623004,['RRAGA'],0.17027647733958057,0,0,0.7688453430368707,1
390,ECM Proteoglycans R-HSA-3000178,0.12877776139221664,7.519274376417234,15.412009607623004,['SERPINE1'],0.17027647733958057,0,0,0.7688453430368707,1
391,Golgi Associated Vesicle Biogenesis R-HSA-432722,0.12877776139221664,7.519274376417234,15.412009607623004,['HSPA8'],0.17027647733958057,0,0,0.7688453430368707,1
392,Chemokine Receptors Bind Chemokines R-HSA-380108,0.13096181981447472,7.382189239332097,15.00687933540933,['CXCL2'],0.17272260419409038,0,0,0.7626508226272931,1
393,"Platelet Activation, Signaling And Aggregation R-HSA-76002",0.1326007221403683,3.2569444444444446,6.58037209866169,"['SRC', 'SERPINE1']",0.17382233548346773,0,0,0.7598944191763238,2
394,Cytoprotection By HMOX1 R-HSA-9707564,0.13314051228520932,7.25,14.618539131965724,['HMOX1'],0.17382233548346773,0,0,0.7598944191763238,1
395,Signaling By ERBB4 R-HSA-1236394,0.13314051228520932,7.25,14.618539131965724,['SRC'],0.17382233548346773,0,0,0.7598944191763238,1
396,NCAM Signaling For Neurite Out-Growth R-HSA-375165,0.13314051228520932,7.25,14.618539131965724,['SRC'],0.17382233548346773,0,0,0.7598944191763238,1
397,Constitutive Signaling By NOTCH1 HD+PEST Domain Mutants R-HSA-2894862,0.13531385173981347,7.122448979591836,14.246025949065045,['MYC'],0.1762147641044926,0,0,0.7539577071584126,1
398,Iron Uptake And Transport R-HSA-917937,0.1374818510452552,6.9992962702322306,13.8884471557023,['HMOX1'],0.17858823364421342,0,0,0.7481471581671016,1
399,FCGR3A-mediated Phagocytosis R-HSA-9664422,0.13964452305344063,6.88031822898651,13.544974303558986,['SRC'],0.18049054604657203,0,0,0.7435455411673723,1
400,Formation Of beta-catenin:TCF Transactivating Complex R-HSA-201722,0.13964452305344063,6.88031822898651,13.544974303558986,['MYC'],0.18049054604657203,0,0,0.7435455411673723,1
401,Post NMDA Receptor Activation Events R-HSA-438064,0.1418018805927374,6.76530612244898,13.214837540593157,['SRC'],0.18236709519016228,0,0,0.7390535194422616,1
402,Ca2+ Pathway R-HSA-4086398,0.1418018805927374,6.76530612244898,13.214837540593157,['MYC'],0.18236709519016228,0,0,0.7390535194422616,1
403,Pre-NOTCH Transcription And Translation R-HSA-1912408,0.14395393646955568,6.654064904650385,12.897320592663672,['CCND1'],0.18376342013521058,0,0,0.7357409348133194,1
404,Signaling By BRAF And RAF1 Fusions R-HSA-6802952,0.14395393646955568,6.654064904650385,12.897320592663672,['SRC'],0.18376342013521058,0,0,0.7357409348133194,1
405,MAP Kinase Activation R-HSA-450294,0.14395393646955568,6.654064904650385,12.897320592663672,['DUSP6'],0.18376342013521058,0,0,0.7357409348133194,1
406,Cytosolic Sensors Of Pathogen-Associated DNA R-HSA-1834949,0.1461007034145454,6.54641211323239,12.591756250239605,['NFKBIA'],0.18558738001307115,0,0,0.7314515592433863,1
407,Signaling By MET R-HSA-6806834,0.1461007034145454,6.54641211323239,12.591756250239605,['SRC'],0.18558738001307115,0,0,0.7314515592433863,1
408,RAF/MAP Kinase Cascade R-HSA-5673001,0.1471093354764479,3.0484820322180917,5.842657223789323,"['SRC', 'DUSP6']",0.18641060402285184,0,0,0.7295293863080996,2
409,FOXO-mediated Transcription R-HSA-9614085,0.15037842149138922,6.341198979591836,12.01403781811508,['CDKN1A'],0.18962352173426397,0,0,0.7221077918619271,1
410,Mitochondrial Protein Import R-HSA-1268020,0.15037842149138922,6.341198979591836,12.01403781811508,['TIMM9'],0.18962352173426397,0,0,0.7221077918619271,1
411,MAPK1/MAPK3 Signaling R-HSA-5684996,0.15230784727377386,2.981060606060606,5.609913359099665,"['SRC', 'DUSP6']",0.19137708435291018,0,0,0.7181100662190246,2
412,Activation Of NF-kappaB In B Cells R-HSA-1169091,0.15250939797562668,6.243328100470958,11.740759916332207,['NFKBIA'],0.19137708435291018,0,0,0.7181100662190246,1
413,APC/C:Cdc20 Mediated Degradation Of Securin R-HSA-174154,0.15463513630999146,6.148423005565863,11.477180657220888,['CDC20'],0.19357473479967452,0,0,0.713151327054057,1
414,Costimulation By CD28 Family R-HSA-388841,0.15675564908065587,6.0563508985683825,11.222824361971771,['SRC'],0.19575524293405575,0,0,0.708286597357698,1
415,Orc1 Removal From Chromatin R-HSA-68949,0.15887094888113906,5.966986794717887,10.977245117600177,['CCNA2'],0.1964982788793036,0,0,0.7066412492401813,1
416,Glycolysis R-HSA-70171,0.15887094888113906,5.966986794717887,10.977245117600177,['ALDOC'],0.1964982788793036,0,0,0.7066412492401813,1
417,Interleukin-17 Signaling R-HSA-448424,0.15887094888113906,5.966986794717887,10.977245117600177,['DUSP6'],0.1964982788793036,0,0,0.7066412492401813,1
418,Loss Of Nlp From Mitotic Centrosomes R-HSA-380259,0.15887094888113906,5.966986794717887,10.977245117600177,['PLK1'],0.1964982788793036,0,0,0.7066412492401813,1
419,Diseases Of Programmed Cell Death R-HSA-9645723,0.16308595979881008,5.795918367346939,10.51076961698872,['CDC25B'],0.20075105051424955,0,0,0.6973421734149202,1
420,trans-Golgi Network Vesicle Budding R-HSA-199992,0.16308595979881008,5.795918367346939,10.51076961698872,['HSPA8'],0.20075105051424955,0,0,0.6973421734149202,1
421,Extracellular Matrix Organization R-HSA-1474244,0.1645775944204501,2.834630911188005,5.114731825200278,"['MMP1', 'SERPINE1']",0.20094354067184447,0,0,0.6969259496394589,2
422,AURKA Activation By TPX2 R-HSA-8854518,0.16518569591012358,5.713998275366484,10.289111031016239,['PLK1'],0.20094354067184447,0,0,0.6969259496394589,1
423,CDK-mediated Phosphorylation And Removal Of Cdc6 R-HSA-69017,0.16518569591012358,5.713998275366484,10.289111031016239,['CCNA2'],0.20094354067184447,0,0,0.6969259496394589,1
424,Signaling By FGFR2 R-HSA-5654738,0.16518569591012358,5.713998275366484,10.289111031016239,['SRC'],0.20094354067184447,0,0,0.6969259496394589,1
425,Interferon Alpha/Beta Signaling R-HSA-909733,0.16518569591012358,5.713998275366484,10.289111031016239,['EGR1'],0.20094354067184447,0,0,0.6969259496394589,1
426,Activation Of NMDA Receptors And Postsynaptic Events R-HSA-442755,0.16936969182663447,5.556891249650545,9.867213018330611,['SRC'],0.20506822171983613,0,0,0.6881016346146009,1
427,Signaling By NOTCH1 R-HSA-1980143,0.16936969182663447,5.556891249650545,9.867213018330611,['MYC'],0.20506822171983613,0,0,0.6881016346146009,1
428,Regulation Of Insulin Secretion R-HSA-422356,0.1756071809118701,5.336734693877551,9.283280446293812,['GNAS'],0.21212362740989915,0,0,0.6734109548580525,1
429,Pre-NOTCH Expression And Processing R-HSA-1912422,0.17767612543797884,5.267161410018553,9.10056411919043,['CCND1'],0.2126355482672108,0,0,0.6723641286851259,1
430,COPI-dependent Golgi-to-ER Retrograde Traffic R-HSA-6811434,0.17767612543797884,5.267161410018553,9.10056411919043,['KIF20A'],0.2126355482672108,0,0,0.6723641286851259,1
431,Constitutive Signaling By Aberrant PI3K In Cancer R-HSA-2219530,0.17767612543797884,5.267161410018553,9.10056411919043,['SRC'],0.2126355482672108,0,0,0.6723641286851259,1
432,FCERI Mediated NF-kB Activation R-HSA-2871837,0.17767612543797884,5.267161410018553,9.10056411919043,['NFKBIA'],0.2126355482672108,0,0,0.6723641286851259,1
433,Downstream Signaling Events Of B Cell Receptor (BCR) R-HSA-1168372,0.17973998119355442,5.199372056514914,8.923391206941128,['NFKBIA'],0.21460870733733864,0,0,0.6683526613456379,1
434,Processing Of DNA Double-Strand Break Ends R-HSA-5693607,0.181798760490535,5.133298889175924,8.751529842637671,['CCNA2'],0.21606887166346345,0,0,0.6654077959976066,1
435,Recruitment Of NuMA To Mitotic Centrosomes R-HSA-380320,0.181798760490535,5.133298889175924,8.751529842637671,['PLK1'],0.21606887166346345,0,0,0.6654077959976066,1
436,Centrosome Maturation R-HSA-380287,0.18385247549919195,5.0688775510204085,8.584760541358477,['PLK1'],0.21800855466303265,0,0,0.6615264643309202,1
437,Platelet Homeostasis R-HSA-418346,0.18794476153579323,4.944748631159781,8.265677319811374,['GNAS'],0.222351125203673,0,0,0.6529606684704559,1
438,Membrane Trafficking R-HSA-199991,0.18840072718999262,2.0727545337712407,3.4598088219031076,"['HSPA8', 'SRC', 'KIF20A']",0.2223816802676397,0,0,0.6529009926582263,3
439,Degradation Of Beta-Catenin By Destruction Complex R-HSA-195253,0.1899833569114356,4.884927464961889,8.112979399077096,['MYC'],0.22373894196631483,0,0,0.6502584199748918,1
440,Signaling By FGFR R-HSA-190236,0.19404551285483848,4.769507803121249,7.820383303288144,['SRC'],0.22800347760443523,0,0,0.6420585289078861,1
441,Regulation Of PLK1 Activity At G2/M Transition R-HSA-2565942,0.19606909758966404,4.713811105837684,7.6801565438185,['PLK1'],0.22933874084582875,0,0,0.6395225762582036,1
442,Fcgamma Receptor (FCGR) Dependent Phagocytosis R-HSA-2029480,0.19606909758966404,4.713811105837684,7.6801565438185,['SRC'],0.22933874084582875,0,0,0.6395225762582036,1
443,ER-Phagosome Pathway R-HSA-1236974,0.20010134077429026,4.6062152133580705,7.411084001248333,['TLR4'],0.23300088554123438,0,0,0.6326424283948361,1
444,Glucose Metabolism R-HSA-70326,0.20010134077429026,4.6062152133580705,7.411084001248333,['ALDOC'],0.23300088554123438,0,0,0.6326424283948361,1
445,GPCR Downstream Signaling R-HSA-388396,0.20115788995666664,2.003384912959381,3.2127585811961348,"['SRC', 'GNAS', 'CXCL2']",0.23370478451145313,0,0,0.6313323964410944,3
446,Regulation Of TP53 Activity Thru Phosphorylation R-HSA-6804756,0.20211002319239676,4.55423068103646,7.281955543769811,['CCNA2'],0.2337603623947855,0,0,0.6312291281297749,1
447,Switching Of Origins To A Post-Replicative State R-HSA-69052,0.20211002319239676,4.55423068103646,7.281955543769811,['CCNA2'],0.2337603623947855,0,0,0.6312291281297749,1
448,EPH-Ephrin Signaling R-HSA-2682334,0.20411376209311863,4.503401360544218,7.156255051106618,['SRC'],0.2355509263440677,0,0,0.6279151834854976,1
449,Class B/2 (Secretin Family Receptors) R-HSA-373080,0.20611256943631576,4.453689167974883,7.03385741012878,['GNAS'],0.237327836077005,0,0,0.6246513205873241,1
450,Oxidative Stress Induced Senescence R-HSA-2559580,0.2081064570390282,4.40505767524401,6.914643337844717,['E2F2'],0.23856106050815426,0,0,0.6224004432580504,1
451,VEGFA-VEGFR2 Pathway R-HSA-4420097,0.2081064570390282,4.40505767524401,6.914643337844717,['SRC'],0.23856106050815426,0,0,0.6224004432580504,1
452,Downstream TCR Signaling R-HSA-202424,0.2100954368002021,4.357472021066491,6.79849904676328,['NFKBIA'],0.24030827616306302,0,0,0.6192312719341124,1
453,P75 NTR Receptor-Mediated Signaling R-HSA-193704,0.2120795205832498,4.310898827616153,6.685315939697291,['NFKBIA'],0.24204219015792527,0,0,0.6161089259379323,1
454,Vesicle-mediated Transport R-HSA-5653656,0.21281786745617723,1.9446942747835425,3.009061547678331,"['HSPA8', 'SRC', 'KIF20A']",0.24234986227939126,0,0,0.6155572227384879,3
455,Anchoring Of Basal Body To Plasma Membrane R-HSA-5620912,0.2160330472811356,4.220663265306122,6.46742313757927,['PLK1'],0.2454705174601035,0,0,0.6100006618843331,1
456,Hedgehog Off State R-HSA-5610787,0.21800251374840374,4.176940879444562,6.362519703204576,['GNAS'],0.24714409763510814,0,0,0.6070497570223911,1
457,Infectious Disease R-HSA-5663205,0.2184619973292929,1.7257734768979147,2.625148597475741,"['SRC', 'GNAS', 'HMOX1', 'HSPA1A']",0.24714409763510814,0,0,0.6070497570223911,4
458,TNFR2 Non-Canonical NF-kB Pathway R-HSA-5668541,0.22192691156038513,4.092145949288806,6.1603458876211565,['CD40'],0.2505157495124871,0,0,0.6011649655597939,1
459,Signaling By VEGF R-HSA-194138,0.2258320069783284,4.010709234188725,5.967790506031058,['SRC'],0.2543685133067446,0,0,0.5945366483044401,1
460,Antigen processing-Cross Presentation R-HSA-1236975,0.22971789307458146,3.932435109966317,5.78423168094792,['TLR4'],0.25762288659340266,0,0,0.589015557928259,1
461,MHC Class II Antigen Presentation R-HSA-2132295,0.22971789307458146,3.932435109966317,5.78423168094792,['KIF20A'],0.25762288659340266,0,0,0.589015557928259,1
462,Integration Of Energy Metabolism R-HSA-163685,0.23165366154685363,3.8944270015698588,5.6956456810845415,['GNAS'],0.2589618125616894,0,0,0.5867642738202465,1
463,Metabolism Of RNA R-HSA-8953854,0.23191357682023633,1.8568402811206315,2.7135687290625214,"['HSPA8', 'MYC', 'HSPA1A']",0.2589618125616894,0,0,0.5867642738202465,3
464,HATs Acetylate Histones R-HSA-3214847,0.2335846623503299,3.857142857142857,5.6090983677319475,['JADE2'],0.2602656690412081,0,0,0.5845831147538882,1
465,Phase II - Conjugation Of Compounds R-HSA-156580,0.23551090700841826,3.8205621871390067,5.524525481436682,['CHAC1'],0.2618476105878543,0,0,0.5819513847689666,1
466,Degradation Of Extracellular Matrix R-HSA-1474228,0.23934917373986106,3.749433106575964,5.361058744932435,['MMP1'],0.26497542360494253,0,0,0.5767944048847782,1
467,Signaling By B Cell Receptor (BCR) R-HSA-983705,0.23934917373986106,3.749433106575964,5.361058744932435,['NFKBIA'],0.26497542360494253,0,0,0.5767944048847782,1
468,Class I MHC Mediated Antigen Processing And Presentation R-HSA-983169,0.24377763646529865,2.169104609929078,3.061688543492615,"['CDC20', 'TLR4']",0.2693013633601697,0,0,0.5697614479316022,2
469,Golgi-to-ER Retrograde Transport R-HSA-8856688,0.24507118869589983,3.647545504688362,5.129202360192396,['KIF20A'],0.26957830756548984,0,0,0.5693150575508032,1
470,Mitotic Prophase R-HSA-68875,0.24507118869589983,3.647545504688362,5.129202360192396,['PLK1'],0.26957830756548984,0,0,0.5693150575508032,1
471,Signaling By GPCR R-HSA-372790,0.24728991936878536,1.7924446374294398,2.5043926562324472,"['SRC', 'GNAS', 'CXCL2']",0.27144137646212746,0,0,0.5663239510773845,3
472,Interleukin-1 Signaling R-HSA-9020702,0.24886240785882746,3.582625970742279,4.982913653406146,['NFKBIA'],0.2725886967436733,0,0,0.5644921567318175,1
473,Neuronal System R-HSA-112316,0.2512038700704575,2.123046875,2.9329689576105165,"['HSPA8', 'SRC']",0.27457167193747684,0,0,0.5613442717455206,2
474,PPARA Activates Gene Expression R-HSA-1989781,0.25263496658997786,3.5199645075421473,4.8428011439058265,['HMGCS1'],0.2749732162674075,0,0,0.5607096065106806,1
475,TCR Signaling R-HSA-202403,0.25263496658997786,3.5199645075421473,4.8428011439058265,['NFKBIA'],0.2749732162674075,0,0,0.5607096065106806,1
476,Regulation Of Lipid Metabolism By PPARalpha R-HSA-400206,0.2563889548341396,3.4594453165881736,4.708511372057024,['HMGCS1'],0.2784728774143911,0,0,0.5552170976639635,1
477,Cell-Cell Communication R-HSA-1500931,0.26012446216628154,3.4009603841536613,4.579716458908873,['SRC'],0.2819378342556972,0,0,0.5498466406734658,1
478,Regulation Of IGF Transport And Uptake By IGFBPs R-HSA-381426,0.26569326637698776,3.3168283706925394,4.396166676729281,['MMP1'],0.2867712290540766,0,0,0.5424644223551087,1
479,Immunoregulatory Interactions Between A Lymphoid And A non-Lymphoid Cell R-HSA-198933,0.26569326637698776,3.3168283706925394,4.396166676729281,['CD40'],0.2867712290540766,0,0,0.5424644223551087,1
480,Platelet Degranulation R-HSA-114608,0.2693829605231016,3.263001974983542,4.279822783786303,['SERPINE1'],0.29014789706342403,0,0,0.5373805727715529,1
481,DNA Replication Pre-Initiation R-HSA-69002,0.2730544838638846,3.2108843537414966,4.167997377843627,['POLE2'],0.2934909940907034,0,0,0.5324052207425002,1
482,Response To Elevated Platelet Cytosolic Ca2+ R-HSA-76005,0.2785278903472666,3.135738016136687,4.008216604624779,['SERPINE1'],0.2981344085083579,0,0,0.5255878979594982,1
483,Fc Epsilon Receptor (FCERI) Signaling R-HSA-2454202,0.2785278903472666,3.135738016136687,4.008216604624779,['NFKBIA'],0.2981344085083579,0,0,0.5255878979594982,1
484,Developmental Biology R-HSA-1266738,0.27993236763240126,1.535852279659983,1.9554582561010412,"['HSPA8', 'CDKN1A', 'SRC', 'MYC']",0.2988402505436501,0,0,0.5245609081560866,4
485,ADORA2B Mediated Anti-Inflammatory Cytokine Production R-HSA-9660821,0.28034336849839514,3.111459968602826,3.956968446025251,['GNAS'],0.2988402505436501,0,0,0.5245609081560866,1
486,Signaling By Hedgehog R-HSA-5358351,0.2875606166970605,3.0179713676515383,3.7613629045399737,['GNAS'],0.30590296056045324,0,0,0.5144163198481219,1
487,Factors Involved In Megakaryocyte Development And Platelet Production R-HSA-983231,0.289353816496661,2.99546485260771,3.7146911242229477,['KIF20A'],0.3071784869173998,0,0,0.5126092031594737,1
488,Beta-catenin Independent WNT Signaling R-HSA-3858494,0.30002049698269956,2.8671298306556667,3.4517504575709377,['MYC'],0.3171995847444901,0,0,0.4986673899020207,1
489,Clathrin-mediated Endocytosis R-HSA-8856828,0.30002049698269956,2.8671298306556667,3.4517504575709377,['HSPA8'],0.3171995847444901,0,0,0.4986673899020207,1
490,RHO GTPase Cycle R-HSA-9012999,0.3023292871863985,1.8518413059984813,2.215243867404547,"['SRC', 'KIF14']",0.31898824790891434,0,0,0.4962253168247184,2
491,Interleukin-1 Family Signaling R-HSA-446652,0.31745063788071526,2.6759021489390458,3.0704182805545575,['NFKBIA'],0.3342282530734463,0,0,0.47595684099179586,1
492,GPCR Ligand Binding R-HSA-500792,0.31806634528459493,1.78125,2.0404134763926542,"['GNAS', 'CXCL2']",0.3342282530734463,0,0,0.47595684099179586,2
493,Cellular Response To Starvation R-HSA-9711097,0.3191700762858281,2.6581632653061225,3.0357052873752,['RRAGA'],0.3347077676263147,0,0,0.4753342087712887,1
494,Influenza Infection R-HSA-168255,0.3260054815208176,2.5894819466248036,2.902397750177957,['HSPA1A'],0.34118387438514713,0,0,0.4670115033868283,1
495,Apoptosis R-HSA-109581,0.3608027143922477,2.279833967485299,2.3241173885161555,['TLR4'],0.3768383905874587,0,0,0.42384485967166075,1
496,mRNA Splicing - Major Pathway R-HSA-72163,0.36562778723674233,2.241496598639456,2.2552581276159067,['HSPA8'],0.3803411790772551,0,0,0.4198266515070195,1
497,Intra-Golgi And Retrograde Golgi-to-ER Traffic R-HSA-6811442,0.36562778723674233,2.241496598639456,2.2552581276159067,['KIF20A'],0.3803411790772551,0,0,0.4198266515070195,1
498,Neurotransmitter Receptors And Postsynaptic Signal Transmission R-HSA-112314,0.36722819876446505,2.2289998872477166,2.2329492942532405,['SRC'],0.3812389131751575,0,0,0.41880277719758285,1
499,Cilium Assembly R-HSA-5617833,0.3735903703808139,2.1803640375068944,2.146776288649915,['PLK1'],0.3864998226824009,0,0,0.4128507009903458,1
500,Axon Guidance R-HSA-422475,0.373790931027467,1.5661669890393295,1.5412001663600712,"['HSPA8', 'SRC']",0.3864998226824009,0,0,0.4128507009903458,2
501,mRNA Splicing R-HSA-72172,0.37832081798382067,2.1452453321754232,2.085205747179162,['HSPA8'],0.3904029199553598,0,0,0.40848694275801534,1
502,Peptide Ligand-Binding Receptors R-HSA-375276,0.38922280309567664,2.0675039246467817,1.9509036102620232,['CXCL2'],0.40085296653479047,0,0,0.3970148980341055,1
503,TCF Dependent Signaling In Response To WNT R-HSA-201681,0.39230309216925463,2.0463068476121413,1.914771355908193,['MYC'],0.4032220649135281,0,0,0.3944557106696861,1
504,Interferon Signaling R-HSA-913531,0.39536815575105444,2.025535842477695,1.8795714928238214,['EGR1'],0.40556614389542683,0,0,0.3919383064683412,1
505,Nervous System Development R-HSA-9675108,0.39704122421050797,1.4891804788213627,1.3755785907631732,"['HSPA8', 'SRC']",0.4064758671620448,0,0,0.39096523375866205,2
506,Metabolism R-HSA-1430728,0.40655200701499994,1.1952342811373649,1.075762749667532,"['HMGCS1', 'INSIG1', 'GNAS', 'HMOX1', 'ALDOC', 'CHAC1']",0.4153900941240217,0,0,0.3815438643694595,6
507,Programmed Cell Death R-HSA-5357801,0.4074776246816245,1.9464655427388347,1.7474769232350262,['TLR4'],0.4155146586990136,0,0,0.38141365038817926,1
508,Signaling By ROBO Receptors R-HSA-376176,0.4089744952578169,1.9370094191522762,1.731884932549588,['SRC'],0.41622010639427426,0,0,0.38067694410235997,1
509,Biological Oxidations R-HSA-211859,0.4222806321196029,1.8558262014483213,1.5998802666710514,['CHAC1'],0.42891765580714086,0,0,0.36762607625615873,1
510,Processing Of Capped Intron-Containing Pre-mRNA R-HSA-72203,0.4563449373288627,1.6689812854602422,1.3093263562491473,['HSPA8'],0.46260849529220005,0,0,0.33478639615543826,1
511,Organelle Biogenesis And Maintenance R-HSA-1852241,0.49998856915552436,1.4655146730224937,1.0158508681983662,['PLK1'],0.5058592764254523,0,0,0.29597028152360516,1
512,Metabolism Of Carbohydrates R-HSA-71387,0.5125223241050746,1.4131934463926417,0.9445940583889512,['ALDOC'],0.5175274249264132,0,0,0.28606663103313057,1
513,Signaling By WNT R-HSA-195721,0.5235391037893891,1.3691579020686773,0.8860417115990589,['MYC'],0.5276212800372595,0,0,0.2776776967943917,1
514,Transport Of Small Molecules R-HSA-382551,0.5311036287394107,1.1390861742424243,0.7208115885302367,"['GNAS', 'HMOX1']",0.5342034553662944,0,0,0.2722933071763807,2
515,Antigen Processing: Ubiquitination And Proteasome Degradation R-HSA-983168,0.5390226676158546,1.3101240496198479,0.8096535891291086,['CDC20'],0.5411159595289259,0,0,0.2667096569135969,1
516,Metabolism Of Lipids R-HSA-556833,0.5508699924586834,1.0970319634703196,0.6541123797094414,"['HMGCS1', 'INSIG1']",0.5519375699634483,0,0,0.2581100428391122,2
517,Class A/1 (Rhodopsin-like Receptors) R-HSA-373076,0.5618854546999639,1.2284963064980594,0.7081756235131668,['CXCL2'],0.5618854546999639,0,0,0.2503522101640514,1
